Tanggal,Beras Premium,Beras Medium,Bawang Merah,Bawang Putih Bonggol,Cabai Merah Keriting,Daging Sapi Murni,Cabai Rawit Merah,Daging Ayam Ras,Telur Ayam Ras,Gula Konsumsi,Minyak Goreng Kemasan,Minyak Goreng Curah,Tepung Terigu (Curah),Tepung Terigu Kemasan,Ikan Kembung,Ikan Tongkol,Ikan Bandeng,Garam Konsumsi
2024-01-01,14000.0,11950.0,28500.0,36000.0,41000.0,110000.0,70000.0,32000.0,26000.0,16750.0,14000.0,15500.0,10000.0,12500.0,35000.0,35000.0,36000.0,10000.0
2024-01-02,14000.0,11950.0,28500.0,36500.0,55000.0,110000.0,66000.0,32000.0,26000.0,16750.0,14000.0,15500.0,10000.0,12500.0,35000.0,35000.0,36000.0,10000.0
2024-01-03,14000.0,11950.0,31000.0,37000.0,51000.0,110000.0,58500.0,32500.0,26000.0,16750.0,14000.0,15500.0,10000.0,12500.0,35000.0,35000.0,36000.0,10000.0
2024-01-04,14000.0,12450.0,28870.0,37495.0,47920.0,110000.0,51570.0,32250.0,25490.0,16875.0,14000.0,15245.0,10000.0,11000.0,35000.0,35000.0,33890.0,10000.0
2024-01-05,14000.0,11950.0,31500.0,37000.0,43500.0,110000.0,42500.0,32500.0,25000.0,16750.0,14000.0,15500.0,10000.0,12500.0,35000.0,35000.0,36000.0,10000.0
2024-01-06,14000.0,11950.0,31500.0,36500.0,46000.0,110000.0,42500.0,32500.0,25500.0,16750.0,14000.0,15500.0,10000.0,12500.0,35000.0,35000.0,36000.0,10000.0
2024-01-07,14000.0,11950.0,29000.0,37000.0,52500.0,110000.0,46500.0,32500.0,25500.0,16750.0,14000.0,15500.0,10000.0,12500.0,35000.0,35000.0,36000.0,10000.0
2024-01-08,14000.0,11950.0,27500.0,37000.0,50000.0,110000.0,46500.0,32500.0,25500.0,16750.0,14000.0,15500.0,10000.0,12500.0,35000.0,35000.0,36000.0,10000.0
2024-01-09,14000.0,11950.0,30000.0,36500.0,52500.0,110000.0,45000.0,32000.0,25000.0,16750.0,14000.0,15500.0,10000.0,12500.0,35000.0,35000.0,36000.0,10000.0
2024-01-10,14000.0,11950.0,29000.0,35500.0,55000.0,110000.0,42500.0,32000.0,25000.0,16750.0,14000.0,15500.0,10000.0,12500.0,35000.0,35000.0,36000.0,10000.0
2024-01-11,14000.0,11950.0,29000.0,35500.0,55000.0,112500.0,35000.0,32000.0,25500.0,16750.0,14000.0,15500.0,10000.0,12500.0,30000.0,30000.0,36000.0,10000.0
2024-01-12,14000.0,11950.0,29000.0,35500.0,52500.0,112500.0,30000.0,32000.0,25500.0,16750.0,14000.0,15500.0,10000.0,12500.0,30000.0,30000.0,33500.0,10000.0
2024-01-13,14000.0,11950.0,29000.0,35500.0,52500.0,112500.0,35000.0,32000.0,25000.0,16750.0,14000.0,15500.0,10000.0,12500.0,30000.0,30000.0,33500.0,10000.0
2024-01-14,14000.0,11950.0,30000.0,36000.0,52500.0,112500.0,40000.0,32000.0,25000.0,16750.0,14000.0,15500.0,10000.0,12500.0,30000.0,30000.0,33500.0,10000.0
2024-01-15,14000.0,11950.0,27500.0,36000.0,50000.0,112500.0,40000.0,32000.0,25000.0,16750.0,14000.0,15500.0,10000.0,12500.0,30000.0,30000.0,33500.0,10000.0
2024-01-16,14000.0,11950.0,27000.0,36000.0,52500.0,110000.0,32500.0,32000.0,25000.0,16750.0,14000.0,15500.0,10000.0,12500.0,30000.0,30000.0,33500.0,10000.0
2024-01-17,14000.0,11600.0,26333.0,35333.0,55000.0,111667.0,33000.0,32000.0,25333.0,16667.0,14000.0,15333.0,10000.0,12667.0,30000.0,30000.0,34000.0,10000.0
2024-01-18,14000.0,10900.0,25000.0,36000.0,45000.0,110000.0,28000.0,32000.0,27500.0,16500.0,14000.0,16000.0,10000.0,13000.0,31666.666666666668,30500.0,35000.0,10000.0
2024-01-19,14000.0,11950.0,26000.0,36500.0,47500.0,112500.0,29000.0,32000.0,25500.0,14750.0,14000.0,15500.0,10000.0,12500.0,30000.0,30000.0,33500.0,10000.0
2024-01-20,14000.0,11950.0,26000.0,36500.0,47500.0,112500.0,29000.0,32000.0,25500.0,16750.0,14000.0,15500.0,10000.0,12500.0,30000.0,30000.0,33500.0,10000.0
2024-01-21,14000.0,11950.0,27500.0,35000.0,50000.0,112500.0,34500.0,32500.0,26500.0,16500.0,14000.0,15500.0,10000.0,12500.0,30000.0,30000.0,33500.0,10000.0
2024-01-22,14000.0,11950.0,23500.0,37000.0,58500.0,112500.0,31000.0,32500.0,26500.0,16500.0,14000.0,15500.0,10000.0,12500.0,30000.0,30000.0,33500.0,10000.0
2024-01-23,14000.0,11950.0,22500.0,36000.0,59000.0,112500.0,29000.0,32500.0,26500.0,16500.0,14000.0,15500.0,10000.0,12500.0,30000.0,30000.0,31500.0,10000.0
2024-01-24,14000.0,11950.0,22500.0,36000.0,58500.0,112500.0,27000.0,32000.0,26500.0,16500.0,14000.0,15500.0,10000.0,12500.0,30000.0,30000.0,31500.0,10000.0
2024-01-25,14000.0,11950.0,25000.0,36000.0,58500.0,112500.0,27500.0,32000.0,26500.0,16500.0,14000.0,15500.0,10000.0,12500.0,30000.0,25000.0,31500.0,10000.0
2024-01-26,14000.0,11950.0,25000.0,36000.0,53500.0,112500.0,30000.0,32000.0,26000.0,16500.0,14000.0,15500.0,10000.0,12500.0,30000.0,25000.0,31500.0,10000.0
2024-01-27,14000.0,11950.0,25000.0,36000.0,51000.0,112500.0,30000.0,32000.0,26500.0,16500.0,14000.0,15500.0,10000.0,12500.0,30000.0,25000.0,31500.0,10000.0
2024-01-28,14000.0,11950.0,25000.0,35000.0,51000.0,112500.0,30000.0,32000.0,26500.0,16500.0,14000.0,15500.0,10000.0,12500.0,30000.0,25000.0,31500.0,10000.0
2024-01-29,14000.0,11950.0,22500.0,35000.0,48500.0,112500.0,29000.0,32000.0,26500.0,16500.0,14000.0,15500.0,10000.0,12500.0,30000.0,25000.0,31500.0,10000.0
2024-01-30,14000.0,11950.0,22500.0,35000.0,48500.0,112500.0,29000.0,32000.0,26500.0,16500.0,14000.0,15500.0,10000.0,12500.0,30000.0,25000.0,31500.0,10000.0
2024-01-31,14000.0,11950.0,22500.0,34500.0,53500.0,112500.0,30000.0,32000.0,26000.0,16500.0,14000.0,15500.0,10000.0,12500.0,30000.0,25000.0,31500.0,10000.0
2024-02-01,14000.0,11950.0,22500.0,34500.0,53500.0,112500.0,30000.0,32000.0,26000.0,16500.0,14000.0,15500.0,10000.0,12500.0,30000.0,25000.0,31500.0,10000.0
2024-02-02,14000.0,11950.0,22500.0,34500.0,47500.0,112500.0,28500.0,32000.0,26500.0,16500.0,14000.0,15500.0,10000.0,12500.0,30000.0,25000.0,31500.0,10000.0
2024-02-03,14000.0,11950.0,22500.0,33000.0,47500.0,112500.0,30000.0,32000.0,26500.0,16500.0,14000.0,15500.0,10000.0,12500.0,30000.0,25000.0,31500.0,10000.0
2024-02-04,14000.0,11950.0,22500.0,33000.0,52500.0,112500.0,30000.0,32000.0,26500.0,16500.0,14000.0,15500.0,10000.0,12500.0,30000.0,25000.0,31500.0,10000.0
2024-02-05,14000.0,11950.0,21000.0,34000.0,50000.0,112500.0,30000.0,32000.0,26500.0,16500.0,14000.0,15500.0,10000.0,12500.0,30000.0,25000.0,31500.0,10000.0
2024-02-06,14000.0,10900.0,22000.0,32000.0,50000.0,110000.0,30000.0,32000.0,27000.0,16500.0,14000.0,16000.0,10000.0,13000.0,30000.0,27642.85714285714,35000.0,10000.0
2024-02-07,16000.0,12700.0,21000.0,36000.0,40000.0,112500.0,43500.0,32000.0,26500.0,16500.0,14000.0,15500.0,10000.0,12500.0,30000.0,25000.0,31500.0,10000.0
2024-02-08,16000.0,12700.0,22000.0,36000.0,52500.0,112500.0,38500.0,32500.0,26500.0,16500.0,14000.0,15500.0,10000.0,12500.0,30000.0,30000.0,31500.0,10000.0
2024-02-09,16000.0,12700.0,22000.0,36000.0,50000.0,112500.0,42500.0,32500.0,26500.0,16500.0,14000.0,15500.0,10000.0,12500.0,30000.0,30000.0,32000.0,10000.0
2024-02-10,16000.0,12700.0,22500.0,36500.0,52500.0,112500.0,42500.0,32500.0,26500.0,16500.0,14000.0,15500.0,10000.0,12500.0,30000.0,30000.0,32000.0,10000.0
2024-02-11,16500.0,12950.0,24000.0,36500.0,55000.0,112500.0,47500.0,32500.0,26500.0,16500.0,14000.0,15500.0,10000.0,12500.0,30000.0,30000.0,32000.0,10000.0
2024-02-12,17000.0,12950.0,24000.0,36000.0,57500.0,112500.0,48000.0,33000.0,26500.0,16500.0,14000.0,15500.0,10000.0,12500.0,30000.0,30000.0,32000.0,10000.0
2024-02-13,17000.0,12950.0,24000.0,36000.0,60000.0,112500.0,56000.0,33000.0,26500.0,16500.0,14000.0,15000.0,10000.0,12500.0,30000.0,30000.0,32000.0,10000.0
2024-02-14,17000.0,15000.0,22000.0,36000.0,55000.0,115000.0,55000.0,33000.0,26000.0,16500.0,14000.0,15000.0,10000.0,12000.0,30000.0,30000.0,28000.0,10000.0
2024-02-15,17000.0,12950.0,23500.0,35500.0,65000.0,112500.0,63500.0,33000.0,26500.0,16500.0,14000.0,15500.0,10000.0,12500.0,30000.0,30000.0,32000.0,10000.0
2024-02-16,17000.0,12950.0,24000.0,35500.0,66000.0,112500.0,70000.0,33000.0,26500.0,16500.0,14000.0,15500.0,10000.0,12500.0,30000.0,30000.0,34000.0,10000.0
2024-02-17,17000.0,12950.0,24000.0,35500.0,63500.0,112500.0,70000.0,33000.0,27500.0,16500.0,14000.0,15500.0,10000.0,12500.0,30000.0,30000.0,34000.0,10000.0
2024-02-18,17000.0,13200.0,22500.0,35500.0,61000.0,112500.0,72500.0,33000.0,28000.0,16500.0,14000.0,15500.0,10000.0,12500.0,30000.0,30000.0,34000.0,10000.0
2024-02-19,17200.0,13200.0,22500.0,35500.0,61000.0,117500.0,67500.0,33000.0,28000.0,16500.0,14000.0,16000.0,10000.0,12500.0,30000.0,30000.0,34000.0,10000.0
2024-02-20,17200.0,13200.0,22500.0,35500.0,63500.0,117500.0,62500.0,33000.0,28000.0,16500.0,14000.0,16000.0,10000.0,12500.0,30000.0,30000.0,34000.0,10000.0
2024-02-21,17200.0,13200.0,22500.0,35500.0,68500.0,117500.0,65000.0,33000.0,28000.0,16500.0,14000.0,16000.0,10000.0,12500.0,30000.0,30000.0,34000.0,10000.0
2024-02-22,17200.0,13200.0,24000.0,35500.0,76000.0,117500.0,67500.0,33000.0,28000.0,16500.0,14000.0,16000.0,10000.0,12500.0,30000.0,30000.0,34000.0,10000.0
2024-02-23,17200.0,13200.0,24000.0,35500.0,76000.0,117500.0,67500.0,33000.0,28500.0,16500.0,14000.0,16000.0,10000.0,12500.0,30000.0,20000.0,33000.0,10000.0
2024-02-24,17200.0,13200.0,22500.0,35500.0,73500.0,117500.0,51000.0,33000.0,29000.0,16500.0,14000.0,16000.0,10000.0,12500.0,30000.0,20000.0,33000.0,10000.0
2024-02-25,17200.0,13200.0,22500.0,35500.0,73500.0,117500.0,51000.0,33000.0,29000.0,16500.0,14000.0,16000.0,10000.0,12500.0,30000.0,25000.0,33000.0,10000.0
2024-02-26,17200.0,13200.0,21000.0,36000.0,77500.0,117500.0,56000.0,33000.0,28500.0,16500.0,14000.0,16000.0,10000.0,12500.0,30000.0,25000.0,33000.0,10000.0
2024-02-27,17200.0,13200.0,21000.0,36000.0,61000.0,117500.0,50000.0,33000.0,28500.0,16500.0,14000.0,16000.0,10000.0,12500.0,30000.0,28000.0,33000.0,10000.0
2024-02-28,17200.0,13200.0,21000.0,36000.0,61000.0,117500.0,50000.0,33000.0,28500.0,16500.0,14000.0,16000.0,10000.0,12500.0,30000.0,28000.0,33000.0,10000.0
2024-02-29,17200.0,13200.0,21000.0,36000.0,61000.0,117500.0,52500.0,33500.0,29000.0,16500.0,14000.0,16000.0,10000.0,12500.0,30000.0,28000.0,33000.0,10000.0
2024-03-01,17200.0,11950.0,21000.0,36000.0,61000.0,117500.0,51000.0,33500.0,29000.0,16500.0,14000.0,16000.0,10000.0,12500.0,30000.0,28000.0,33000.0,10000.0
2024-03-02,17200.0,11950.0,26000.0,36500.0,51000.0,117500.0,43500.0,34000.0,30000.0,16500.0,14000.0,16000.0,10000.0,12500.0,30000.0,28000.0,34000.0,10000.0
2024-03-03,17200.0,11950.0,23500.0,36500.0,52500.0,117500.0,46000.0,34000.0,30000.0,16500.0,14000.0,16000.0,10000.0,12500.0,30000.0,28000.0,34000.0,10000.0
2024-03-04,17000.0,11950.0,22500.0,36500.0,55000.0,117500.0,56000.0,34000.0,30000.0,16500.0,14000.0,16000.0,10000.0,12500.0,30000.0,28000.0,34000.0,10000.0
2024-03-05,17000.0,11950.0,23500.0,36500.0,55000.0,117500.0,56000.0,34000.0,30000.0,16500.0,14000.0,15000.0,10000.0,12500.0,30000.0,28000.0,34000.0,10000.0
2024-03-06,17000.0,11950.0,22500.0,36500.0,45000.0,117500.0,50000.0,35000.0,30000.0,16500.0,14000.0,16000.0,10000.0,12500.0,30000.0,28000.0,34000.0,10000.0
2024-03-07,17000.0,11950.0,22500.0,36500.0,45000.0,117500.0,57500.0,37500.0,30000.0,16500.0,14000.0,16000.0,10000.0,12500.0,30000.0,28000.0,34000.0,10000.0
2024-03-08,17000.0,11950.0,26000.0,37500.0,46000.0,117500.0,46000.0,37500.0,30000.0,16500.0,14000.0,16000.0,10000.0,12500.0,30000.0,28000.0,34000.0,10000.0
2024-03-09,17000.0,11950.0,26000.0,37500.0,48500.0,117500.0,36000.0,37500.0,30000.0,16500.0,14000.0,16000.0,10000.0,12500.0,30000.0,28000.0,34000.0,10000.0
2024-03-10,17000.0,11950.0,24500.0,36000.0,48500.0,117500.0,36000.0,36000.0,30000.0,16500.0,14000.0,16000.0,10000.0,12500.0,30000.0,28000.0,34000.0,10000.0
2024-03-11,17000.0,11950.0,25000.0,38500.0,43500.0,117500.0,37500.0,38000.0,30500.0,16750.0,14000.0,16000.0,10000.0,12500.0,30000.0,28000.0,33000.0,10000.0
2024-03-12,17000.0,11950.0,25000.0,38500.0,43500.0,117500.0,42500.0,38000.0,30500.0,16750.0,14000.0,16000.0,10000.0,12500.0,30000.0,28000.0,32000.0,10000.0
2024-03-13,17000.0,11950.0,25000.0,37500.0,48500.0,117500.0,42500.0,38000.0,30500.0,16750.0,14000.0,16000.0,10000.0,12500.0,30000.0,28000.0,32000.0,10000.0
2024-03-14,17000.0,11950.0,25000.0,37500.0,45000.0,117500.0,42500.0,38000.0,30500.0,16750.0,14000.0,16000.0,10000.0,12500.0,30000.0,28000.0,32000.0,10000.0
2024-03-15,17000.0,11950.0,27500.0,38000.0,46000.0,117500.0,27000.0,37000.0,30500.0,16750.0,14000.0,16000.0,10000.0,12500.0,30000.0,28000.0,34000.0,10000.0
2024-03-16,17000.0,11950.0,26000.0,38000.0,41000.0,117500.0,29500.0,37500.0,30500.0,16750.0,14000.0,16000.0,10000.0,12500.0,30000.0,28000.0,34000.0,10000.0
2024-03-17,17000.0,11950.0,23500.0,38000.0,42500.0,117500.0,27000.0,37000.0,30500.0,16750.0,14000.0,16000.0,10000.0,12500.0,30000.0,28000.0,34000.0,10000.0
2024-03-18,17000.0,11950.0,23500.0,38000.0,37500.0,117500.0,27500.0,35500.0,30500.0,16750.0,14000.0,16000.0,10000.0,12500.0,30000.0,28000.0,34000.0,10000.0
2024-03-19,17000.0,11950.0,23500.0,38000.0,40000.0,117500.0,27500.0,35500.0,30500.0,16750.0,14000.0,16000.0,10000.0,12500.0,30000.0,28000.0,34000.0,10000.0
2024-03-20,17000.0,11950.0,26000.0,39000.0,35000.0,117500.0,27500.0,35500.0,30500.0,16750.0,14000.0,16000.0,10000.0,12500.0,30000.0,28000.0,34000.0,10000.0
2024-03-21,17000.0,11950.0,26000.0,39000.0,37500.0,117500.0,27500.0,35500.0,30500.0,16750.0,14000.0,16000.0,10000.0,12500.0,30000.0,28000.0,34000.0,10000.0
2024-03-22,17000.0,11950.0,27000.0,39000.0,30000.0,117500.0,27500.0,37000.0,30500.0,16750.0,14000.0,16000.0,10000.0,12500.0,30000.0,28000.0,34000.0,10000.0
2024-03-23,17000.0,11950.0,30000.0,39000.0,27500.0,117500.0,27500.0,37000.0,30500.0,16750.0,14000.0,16000.0,10000.0,12500.0,30000.0,28000.0,34000.0,10000.0
2024-03-24,17000.0,11950.0,26000.0,39000.0,26500.0,117500.0,27500.0,37000.0,30500.0,16750.0,14000.0,16000.0,10000.0,12500.0,30000.0,28000.0,34000.0,10000.0
2024-03-25,17000.0,11950.0,26000.0,39000.0,32500.0,117500.0,31000.0,37000.0,30500.0,16750.0,14000.0,16000.0,10000.0,12500.0,30000.0,28000.0,34000.0,10000.0
2024-03-26,17000.0,11950.0,26000.0,39000.0,32500.0,117500.0,31000.0,37000.0,29500.0,16750.0,14000.0,16000.0,10000.0,12500.0,30000.0,28000.0,34000.0,10000.0
2024-03-27,17000.0,11950.0,26000.0,38000.0,34000.0,117500.0,31000.0,37000.0,29500.0,16750.0,14000.0,16000.0,10000.0,12500.0,30000.0,28000.0,34000.0,10000.0
2024-03-28,17000.0,11950.0,26000.0,38000.0,31500.0,117500.0,27500.0,37000.0,29500.0,16750.0,14000.0,16000.0,10000.0,12500.0,30000.0,28000.0,34000.0,10000.0
2024-03-29,17000.0,11950.0,26000.0,36500.0,27500.0,117500.0,22500.0,36000.0,28500.0,16750.0,14000.0,16000.0,10000.0,12500.0,30000.0,28000.0,34000.0,10000.0
2024-03-30,17000.0,11950.0,26000.0,36500.0,27500.0,117500.0,22500.0,36000.0,28500.0,16750.0,14000.0,16000.0,10000.0,12500.0,30000.0,28000.0,34000.0,10000.0
2024-03-31,17000.0,11950.0,23500.0,36500.0,32500.0,117500.0,25000.0,36000.0,28500.0,17000.0,14000.0,16000.0,10000.0,12500.0,30000.0,28000.0,34000.0,10000.0
2024-04-01,17000.0,11950.0,26000.0,37500.0,36500.0,117500.0,25000.0,36000.0,28500.0,17000.0,14000.0,15000.0,10000.0,12500.0,30000.0,28000.0,34000.0,10000.0
2024-04-02,17000.0,11950.0,26000.0,37500.0,36500.0,117500.0,25000.0,36000.0,28500.0,17000.0,14000.0,16000.0,10000.0,12500.0,30000.0,28000.0,34000.0,10000.0
2024-04-03,16500.0,11450.0,27000.0,36500.0,35500.0,117500.0,27500.0,35500.0,28500.0,17000.0,14000.0,16000.0,10000.0,12500.0,30000.0,28000.0,34000.0,10000.0
2024-04-04,16500.0,11450.0,27000.0,36500.0,35500.0,117500.0,27500.0,35500.0,28500.0,17000.0,14000.0,16000.0,10000.0,12500.0,30000.0,28000.0,34000.0,10000.0
2024-04-05,16500.0,11450.0,28500.0,36500.0,35500.0,117500.0,27500.0,35500.0,28500.0,17000.0,14000.0,16750.0,10000.0,12500.0,30000.0,28000.0,34000.0,10000.0
2024-04-06,16500.0,11450.0,42000.0,38000.0,32500.0,117500.0,26500.0,36000.0,28000.0,17000.0,14000.0,16750.0,10000.0,12500.0,30000.0,28000.0,34000.0,10000.0
2024-04-07,16500.0,11450.0,44500.0,38000.0,42500.0,117500.0,31500.0,36000.0,28000.0,17000.0,14000.0,16750.0,10000.0,12500.0,30000.0,28000.0,34000.0,10000.0
2024-04-08,16500.0,11450.0,43500.0,38000.0,45000.0,117500.0,36000.0,36000.0,28000.0,17000.0,14000.0,16750.0,10000.0,12500.0,30000.0,28000.0,34000.0,10000.0
2024-04-09,16500.0,11450.0,45000.0,39000.0,46500.0,117500.0,30000.0,37000.0,29000.0,17000.0,14000.0,16750.0,10000.0,12500.0,30000.0,28000.0,34000.0,10000.0
2024-04-10,16401.785714285714,11426.785714285714,41982.142857142855,39232.142857142855,38803.57142857143,116071.42857142857,26517.85714285714,36000.0,28035.714285714286,16946.428571428572,14000.0,16794.64285714286,10303.57142857143,12553.57142857143,30000.0,27288.88888888889,34535.71428571428,10000.0
2024-04-11,16401.785714285714,11426.785714285714,41982.142857142855,39232.142857142855,38803.57142857143,116071.42857142858,26517.857142857145,36000.0,28035.714285714286,16946.428571428572,14000.0,16794.642857142855,10303.571428571428,12553.571428571428,30000.0,27288.888888888887,34535.71428571429,10000.0
2024-04-12,17000.0,10900.0,45000.0,39000.0,46500.0,120000.0,30000.0,38000.0,28000.0,17000.0,14000.0,16000.0,10000.0,13000.0,30000.0,30000.0,35000.0,10000.0
2024-04-13,16500.0,11450.0,47500.0,39000.0,46500.0,120000.0,30000.0,38000.0,28000.0,17000.0,14000.0,16000.0,10000.0,13000.0,30000.0,30000.0,35000.0,10000.0
2024-04-14,16000.0,10900.0,55000.0,42500.0,39000.0,120000.0,27500.0,38000.0,29000.0,17000.0,14000.0,16000.0,10000.0,13000.0,30000.0,30000.0,35000.0,10000.0
2024-04-15,16250.0,11450.0,45000.0,40500.0,36500.0,117500.0,20000.0,36500.0,28000.0,17000.0,14000.0,16750.0,10000.0,12500.0,30000.0,28000.0,34000.0,10000.0
2024-04-16,16250.0,11450.0,45000.0,40500.0,32500.0,117500.0,20000.0,37000.0,28000.0,17000.0,14000.0,16750.0,10000.0,12500.0,30000.0,28000.0,34000.0,10000.0
2024-04-17,16250.0,11450.0,45000.0,40500.0,34000.0,117500.0,20000.0,37000.0,28000.0,17000.0,14000.0,16750.0,10000.0,12500.0,30000.0,28000.0,34000.0,10000.0
2024-04-18,16250.0,11450.0,40000.0,40000.0,36000.0,117500.0,20000.0,37000.0,28000.0,17000.0,14000.0,16750.0,10000.0,12500.0,30000.0,28000.0,34000.0,10000.0
2024-04-19,16250.0,11450.0,42500.0,40500.0,40000.0,117500.0,30000.0,36000.0,28000.0,16750.0,14000.0,17250.0,10000.0,12500.0,30000.0,28000.0,35000.0,10000.0
2024-04-20,16250.0,11450.0,52500.0,39000.0,37500.0,117500.0,27500.0,36000.0,28000.0,16750.0,14000.0,17250.0,10000.0,12500.0,30000.0,28000.0,35000.0,10000.0
2024-04-21,16250.0,11450.0,51000.0,39000.0,37500.0,117500.0,25000.0,36000.0,28000.0,16750.0,14000.0,17250.0,10000.0,12500.0,30000.0,2800.0,35000.0,10000.0
2024-04-22,16250.0,11450.0,38500.0,42000.0,35000.0,112500.0,27500.0,36000.0,28000.0,16750.0,14000.0,17250.0,10000.0,12000.0,30000.0,28000.0,35000.0,10000.0
2024-04-23,16250.0,11450.0,42500.0,41000.0,32500.0,112500.0,27500.0,36000.0,28000.0,17000.0,14000.0,17500.0,10000.0,12500.0,30000.0,28000.0,30000.0,10000.0
2024-04-24,16250.0,11450.0,41500.0,41000.0,34000.0,112500.0,29000.0,36000.0,28000.0,17000.0,14000.0,17500.0,10000.0,12500.0,30000.0,28000.0,35000.0,10000.0
2024-04-25,16250.0,11450.0,45000.0,41000.0,37500.0,112500.0,29000.0,36000.0,27500.0,17000.0,14000.0,17500.0,18500.0,12500.0,30000.0,28000.0,35000.0,10000.0
2024-04-26,16250.0,11450.0,42500.0,38500.0,42500.0,112500.0,27500.0,34500.0,27500.0,17000.0,14000.0,17500.0,10000.0,12500.0,30000.0,28000.0,35000.0,10000.0
2024-04-27,16500.0,10900.0,50000.0,35000.0,40000.0,110000.0,25000.0,33000.0,27000.0,16500.0,14000.0,17000.0,10000.0,13000.0,30000.0,27288.888888888887,40000.0,10000.0
2024-04-28,16250.0,11450.0,42500.0,40000.0,42500.0,112500.0,25000.0,34500.0,27500.0,17000.0,14000.0,17500.0,10000.0,12500.0,30000.0,28000.0,35000.0,10000.0
2024-04-29,16250.0,11450.0,47500.0,41000.0,46500.0,112500.0,24000.0,34500.0,27500.0,17000.0,14000.0,17500.0,10000.0,12500.0,30000.0,28000.0,35000.0,10000.0
2024-04-30,16250.0,11450.0,47500.0,41000.0,44000.0,112500.0,21500.0,34500.0,27500.0,17000.0,14000.0,17500.0,10000.0,12500.0,30000.0,28000.0,35000.0,10000.0
2024-05-01,16250.0,11450.0,46500.0,42000.0,44000.0,112500.0,23500.0,34500.0,27500.0,17000.0,14000.0,17500.0,10000.0,12500.0,30000.0,28000.0,35000.0,10000.0
2024-05-02,16250.0,11450.0,43500.0,41000.0,42500.0,112500.0,25000.0,34500.0,27500.0,17000.0,14000.0,17500.0,10000.0,12500.0,30000.0,28000.0,35000.0,10000.0
2024-05-03,16250.0,11450.0,46500.0,41000.0,41000.0,112500.0,20000.0,35500.0,27500.0,17375.0,14000.0,17500.0,10000.0,12500.0,30000.0,28000.0,33000.0,10000.0
2024-05-04,16250.0,11450.0,46500.0,41000.0,41000.0,112500.0,20000.0,35000.0,27500.0,17375.0,14000.0,17500.0,10000.0,12500.0,30000.0,28000.0,33000.0,10000.0
2024-05-05,16000.0,12000.0,47000.0,42000.0,40000.0,115000.0,20000.0,35000.0,28000.0,17000.0,14000.0,17000.0,10000.0,12000.0,30000.0,28000.0,30000.0,10000.0
2024-05-06,16250.0,11450.0,44000.0,41000.0,37500.0,112500.0,17500.0,35000.0,29000.0,17125.0,14000.0,17000.0,10000.0,12500.0,30000.0,28000.0,33000.0,10000.0
2024-05-07,16250.0,11450.0,43500.0,41000.0,37500.0,112500.0,20000.0,35000.0,29000.0,17125.0,14000.0,17000.0,10000.0,12500.0,30000.0,28000.0,33000.0,10000.0
2024-05-08,16250.0,11450.0,43500.0,41000.0,49000.0,112500.0,21000.0,35500.0,29000.0,17250.0,14000.0,17000.0,10000.0,12500.0,30000.0,28000.0,33000.0,10000.0
2024-05-09,16250.0,11450.0,49000.0,41500.0,41000.0,112500.0,20000.0,35500.0,29000.0,17250.0,14000.0,17000.0,10000.0,12500.0,30000.0,28000.0,33000.0,10000.0
2024-05-10,16250.0,11450.0,42500.0,41500.0,31000.0,112500.0,17500.0,35500.0,29000.0,17250.0,14000.0,17000.0,10000.0,12500.0,30000.0,28000.0,33000.0,10000.0
2024-05-11,16250.0,12000.0,41500.0,40000.0,32500.0,112500.0,18500.0,35500.0,29000.0,17250.0,14000.0,17000.0,10000.0,12500.0,30000.0,28000.0,33000.0,10000.0
2024-05-12,16250.0,12000.0,41500.0,40000.0,32500.0,112500.0,21000.0,35500.0,29000.0,17250.0,14000.0,17000.0,10000.0,12500.0,30000.0,28000.0,33000.0,10000.0
2024-05-13,16250.0,12000.0,43500.0,41500.0,37500.0,112500.0,21500.0,35500.0,29000.0,17250.0,14000.0,17000.0,10000.0,12500.0,30000.0,28000.0,33000.0,10000.0
2024-05-14,16250.0,12000.0,43500.0,40500.0,39000.0,112500.0,20000.0,35500.0,29000.0,17250.0,14000.0,17000.0,10000.0,12500.0,30000.0,28000.0,33000.0,10000.0
2024-05-15,16250.0,12000.0,45000.0,40500.0,33500.0,112500.0,21000.0,36000.0,29500.0,17250.0,14000.0,17000.0,10000.0,12500.0,30000.0,28000.0,33000.0,10000.0
2024-05-16,16250.0,12000.0,48500.0,40500.0,42500.0,117500.0,23500.0,36000.0,29500.0,17250.0,14000.0,17000.0,10000.0,12500.0,30000.0,28000.0,33000.0,10000.0
2024-05-17,16250.0,12000.0,48500.0,41500.0,38500.0,117500.0,22500.0,36000.0,29500.0,17250.0,14000.0,17000.0,10000.0,12500.0,30000.0,28000.0,35000.0,10000.0
2024-05-18,16250.0,12000.0,48500.0,41500.0,38500.0,117500.0,21500.0,36000.0,28500.0,17250.0,14000.0,17000.0,10000.0,12500.0,30000.0,28000.0,35000.0,10000.0
2024-05-19,16250.0,12000.0,48500.0,41500.0,38500.0,117500.0,21500.0,36000.0,28500.0,17250.0,14000.0,17000.0,10000.0,12500.0,30000.0,28000.0,35000.0,10000.0
2024-05-20,16250.0,12000.0,47500.0,39000.0,40000.0,117500.0,19000.0,36000.0,28500.0,17250.0,14000.0,17000.0,10000.0,12500.0,30000.0,28000.0,35000.0,10000.0
2024-05-21,16250.0,12000.0,47500.0,40000.0,41000.0,117500.0,22000.0,35500.0,28500.0,17250.0,14000.0,17000.0,10000.0,12500.0,30000.0,28000.0,35000.0,10000.0
2024-05-22,16250.0,12000.0,47500.0,40000.0,41000.0,117500.0,20000.0,35500.0,28500.0,17250.0,14000.0,17000.0,10000.0,12500.0,30000.0,28000.0,35000.0,10000.0
2024-05-23,16250.0,12000.0,47500.0,40000.0,41000.0,117500.0,19000.0,35500.0,28500.0,17250.0,15500.0,17000.0,10000.0,12500.0,30000.0,28000.0,35000.0,10000.0
2024-05-24,16250.0,12000.0,42500.0,40000.0,39500.0,117500.0,21000.0,35500.0,28500.0,17250.0,14000.0,17000.0,10000.0,12500.0,30000.0,28000.0,33000.0,10000.0
2024-05-25,16250.0,12000.0,37500.0,38500.0,36000.0,117500.0,22000.0,35500.0,28500.0,17250.0,14000.0,17000.0,10000.0,12500.0,30000.0,28000.0,33000.0,10000.0
2024-05-26,16500.0,12000.0,50000.0,40000.0,32000.0,120000.0,18000.0,37000.0,29000.0,17500.0,14000.0,17000.0,10000.0,13000.0,30000.0,28000.0,40000.0,10000.0
2024-05-27,16250.0,12000.0,37500.0,39000.0,35000.0,117500.0,21000.0,35500.0,28500.0,17250.0,15500.0,17000.0,10000.0,12500.0,30000.0,28000.0,33000.0,10000.0
2024-05-28,16250.0,12000.0,42000.0,40000.0,36000.0,117500.0,22000.0,35500.0,28500.0,17250.0,14000.0,17000.0,10000.0,12500.0,30000.0,28000.0,33000.0,10000.0
2024-05-29,16250.0,12000.0,37500.0,40000.0,36000.0,117500.0,22000.0,35500.0,28500.0,17250.0,14000.0,17000.0,10000.0,12500.0,30000.0,28000.0,33000.0,10000.0
2024-05-30,16250.0,12000.0,36000.0,37500.0,35000.0,117500.0,21000.0,35500.0,28500.0,17250.0,14000.0,17000.0,10000.0,12500.0,30000.0,28000.0,33000.0,10000.0
2024-05-31,16250.0,12000.0,37500.0,40000.0,38500.0,117500.0,22000.0,35000.0,28000.0,17250.0,14000.0,17000.0,10000.0,12500.0,30000.0,28000.0,33000.0,10000.0
2024-06-01,16250.0,12000.0,37500.0,40000.0,38500.0,115000.0,22000.0,35000.0,28000.0,17250.0,14000.0,17000.0,10000.0,12500.0,30000.0,28000.0,33000.0,10000.0
2024-06-02,16250.0,12000.0,37500.0,39000.0,37500.0,115000.0,22000.0,35000.0,28000.0,17250.0,14000.0,17000.0,10000.0,12500.0,30000.0,28000.0,33000.0,10000.0
2024-06-03,16250.0,12000.0,37500.0,40000.0,38500.0,115000.0,32500.0,35000.0,31500.0,17250.0,14000.0,17000.0,10000.0,12500.0,30000.0,28000.0,33000.0,10000.0
2024-06-04,16250.0,12000.0,37500.0,40000.0,38500.0,115000.0,30000.0,35000.0,28000.0,17250.0,14000.0,17000.0,10000.0,12500.0,30000.0,28000.0,33000.0,10000.0
2024-06-05,16250.0,12000.0,35000.0,40000.0,40000.0,115000.0,28500.0,34000.0,28000.0,16750.0,14000.0,16500.0,10000.0,12500.0,30000.0,28000.0,33000.0,10000.0
2024-06-06,16250.0,12000.0,35000.0,38500.0,40000.0,115000.0,29000.0,34000.0,28000.0,16750.0,14000.0,16500.0,10000.0,12500.0,30000.0,28000.0,33000.0,10000.0
2024-06-07,16250.0,12000.0,36000.0,40000.0,42500.0,115000.0,32500.0,34500.0,28000.0,16750.0,14000.0,16500.0,10000.0,11500.0,30000.0,28000.0,34000.0,10000.0
2024-06-08,16250.0,12000.0,33500.0,39000.0,45000.0,115000.0,32500.0,34500.0,28000.0,16750.0,14000.0,16500.0,10000.0,12500.0,30000.0,28000.0,34000.0,10000.0
2024-06-09,16250.0,12000.0,33500.0,38000.0,45000.0,115000.0,35000.0,34500.0,28000.0,16750.0,14000.0,16500.0,10000.0,12500.0,30000.0,28000.0,34000.0,10000.0
2024-06-10,16250.0,12000.0,33500.0,39000.0,43500.0,115000.0,33500.0,34500.0,28000.0,16750.0,14000.0,16500.0,10000.0,12500.0,30000.0,28000.0,34000.0,10000.0
2024-06-11,16250.0,12000.0,33500.0,39000.0,43500.0,115000.0,33500.0,34500.0,28000.0,16750.0,14000.0,16500.0,10000.0,12500.0,30000.0,28000.0,34000.0,10000.0
2024-06-12,16250.0,12000.0,33500.0,37000.0,46500.0,115000.0,31000.0,34500.0,28000.0,16750.0,14000.0,16500.0,10000.0,12500.0,30000.0,28000.0,34000.0,10000.0
2024-06-13,16250.0,12000.0,33500.0,37000.0,46500.0,115000.0,30000.0,34500.0,28000.0,16750.0,14000.0,16500.0,10000.0,12500.0,30000.0,28000.0,34000.0,10000.0
2024-06-14,16250.0,12000.0,35500.0,41500.0,46500.0,115000.0,29000.0,34500.0,28000.0,16750.0,14000.0,16500.0,10000.0,12500.0,30000.0,28000.0,34000.0,10000.0
2024-06-15,16250.0,12000.0,32500.0,38000.0,47500.0,115000.0,31000.0,34500.0,27500.0,16750.0,14000.0,16500.0,10000.0,12500.0,30000.0,28000.0,34000.0,10000.0
2024-06-16,16250.0,12000.0,32500.0,38000.0,47500.0,115000.0,31000.0,34500.0,27500.0,16750.0,14000.0,17000.0,10000.0,12500.0,30000.0,28000.0,34000.0,10000.0
2024-06-17,16125.0,12196.42857142857,33053.57142857143,39142.857142857145,37553.57142857143,115357.14285714286,27750.0,34678.57142857143,27767.85714285714,17035.714285714286,14000.0,16803.571428571428,10000.0,12500.0,30000.0,28000.0,33500.0,10000.0
2024-06-18,16125.0,12196.428571428572,33053.57142857143,39142.857142857145,37553.57142857143,115357.14285714286,27750.0,34678.57142857143,27767.857142857145,17035.714285714286,14000.0,16803.571428571428,10000.0,12500.0,30000.0,28000.0,33500.0,10000.0
2024-06-19,16250.0,12000.0,31000.0,36500.0,41000.0,115000.0,27500.0,34500.0,27500.0,16750.0,14000.0,17000.0,10000.0,12500.0,30000.0,28000.0,34000.0,10000.0
2024-06-20,15750.0,12000.0,31500.0,39000.0,42000.0,115000.0,22000.0,34500.0,27000.0,17250.0,14000.0,17000.0,10000.0,12500.0,30000.0,28000.0,34000.0,10000.0
2024-06-21,15750.0,12000.0,31500.0,39000.0,37000.0,115000.0,22000.0,35000.0,27000.0,17250.0,14000.0,17000.0,10000.0,12500.0,30000.0,28000.0,32500.0,10000.0
2024-06-22,15750.0,12500.0,30500.0,39000.0,31000.0,115000.0,21000.0,35000.0,27000.0,17250.0,14000.0,17000.0,10000.0,12500.0,30000.0,28000.0,32500.0,10000.0
2024-06-23,16250.0,12500.0,30500.0,39000.0,21500.0,115000.0,23500.0,35000.0,27000.0,17250.0,14000.0,17000.0,10000.0,12500.0,30000.0,28000.0,32500.0,10000.0
2024-06-24,16500.0,13000.0,35000.0,45000.0,25000.0,120000.0,27000.0,35000.0,28000.0,17500.0,14000.0,17000.0,10000.0,13000.0,30000.0,28000.0,35000.0,10000.0
2024-06-25,15750.0,12500.0,30500.0,39000.0,27500.0,115000.0,26000.0,35000.0,27000.0,17250.0,14000.0,17000.0,10000.0,12500.0,30000.0,28000.0,32500.0,10000.0
2024-06-26,15750.0,12500.0,30000.0,41500.0,32500.0,115000.0,23500.0,35000.0,27000.0,17250.0,14000.0,17000.0,10000.0,12500.0,30000.0,28000.0,32500.0,10000.0
2024-06-27,15750.0,12500.0,30000.0,39000.0,26000.0,115000.0,22500.0,35000.0,27000.0,17250.0,14000.0,17000.0,10000.0,12500.0,30000.0,28000.0,32500.0,10000.0
2024-06-28,16500.0,13000.0,35000.0,38000.0,24000.0,120000.0,27000.0,35000.0,28000.0,17500.0,14000.0,17000.0,10000.0,13000.0,30000.0,28000.0,36000.0,10000.0
2024-06-29,15750.0,12500.0,27500.0,38000.0,27000.0,115000.0,26000.0,34500.0,27000.0,17250.0,14000.0,17000.0,10000.0,12500.0,30000.0,28000.0,33000.0,10000.0
2024-06-30,15750.0,12500.0,25000.0,39000.0,30000.0,115000.0,26000.0,34500.0,27500.0,17250.0,14000.0,17000.0,10000.0,12500.0,30000.0,28000.0,33000.0,10000.0
2024-07-01,15750.0,12500.0,27500.0,39000.0,30000.0,115000.0,29500.0,34500.0,27500.0,17250.0,14000.0,17000.0,10000.0,12500.0,30000.0,28000.0,33000.0,10000.0
2024-07-02,15750.0,12500.0,25000.0,36500.0,30000.0,115000.0,35000.0,34500.0,27500.0,17250.0,14000.0,17000.0,10000.0,12500.0,30000.0,28000.0,33000.0,10000.0
2024-07-03,15750.0,12500.0,22000.0,36500.0,32500.0,115000.0,31500.0,34500.0,27000.0,17250.0,14000.0,17000.0,10000.0,12500.0,30000.0,28000.0,33000.0,10000.0
2024-07-04,15750.0,12500.0,22000.0,36500.0,29000.0,115000.0,37500.0,34500.0,27000.0,17250.0,14000.0,17000.0,10000.0,12500.0,30000.0,28000.0,33000.0,10000.0
2024-07-05,15750.0,12500.0,20500.0,38000.0,29000.0,115000.0,36000.0,34500.0,27000.0,17250.0,14000.0,17000.0,10000.0,12500.0,30000.0,28000.0,33000.0,10000.0
2024-07-06,15750.0,12500.0,21000.0,36000.0,34000.0,115000.0,37500.0,34000.0,26000.0,17250.0,14000.0,17000.0,10000.0,12500.0,30000.0,28000.0,33000.0,10000.0
2024-07-07,15750.0,12500.0,21000.0,36000.0,37500.0,115000.0,40000.0,34000.0,26000.0,17250.0,14000.0,17000.0,10000.0,12500.0,30000.0,28000.0,33000.0,10000.0
2024-07-08,15750.0,12500.0,21000.0,36000.0,35000.0,115000.0,39000.0,34000.0,26000.0,17250.0,14000.0,17000.0,10000.0,12500.0,30000.0,28000.0,33000.0,10000.0
2024-07-09,15750.0,12500.0,18500.0,36000.0,37500.0,115000.0,42500.0,34000.0,26000.0,17250.0,14000.0,17000.0,10000.0,12500.0,30000.0,28000.0,33000.0,10000.0
2024-07-10,15750.0,12500.0,18500.0,36000.0,37500.0,115000.0,46500.0,34000.0,26000.0,17250.0,14000.0,17000.0,10000.0,12500.0,30000.0,28000.0,33000.0,10000.0
2024-07-11,15750.0,12500.0,21500.0,36000.0,37500.0,115000.0,46500.0,34000.0,26000.0,17250.0,14000.0,17000.0,10000.0,12500.0,30000.0,28000.0,33000.0,10000.0
2024-07-12,15750.0,12500.0,20000.0,37500.0,33500.0,115000.0,53500.0,33500.0,26000.0,17250.0,14000.0,17000.0,10000.0,12500.0,30000.0,28000.0,33000.0,10000.0
2024-07-13,15750.0,12500.0,20000.0,37500.0,30000.0,115000.0,56000.0,33500.0,26500.0,17250.0,14000.0,17000.0,10000.0,12500.0,30000.0,28000.0,33000.0,10000.0
2024-07-14,15750.0,12500.0,18500.0,36000.0,29000.0,115000.0,56500.0,34000.0,26000.0,17250.0,14000.0,17000.0,10000.0,12500.0,30000.0,28000.0,33000.0,10000.0
2024-07-15,15750.0,12500.0,18500.0,38500.0,29000.0,115000.0,60000.0,34000.0,26000.0,17250.0,14000.0,17000.0,10000.0,12500.0,30000.0,28000.0,35000.0,10000.0
2024-07-16,15750.0,12500.0,19500.0,38500.0,29000.0,115000.0,60000.0,34000.0,26000.0,17250.0,14000.0,17000.0,10000.0,12500.0,30000.0,28000.0,35000.0,10000.0
2024-07-17,15750.0,12500.0,22500.0,37500.0,31500.0,115000.0,60000.0,34000.0,26000.0,17000.0,14000.0,17000.0,10000.0,12500.0,30000.0,28000.0,35000.0,10000.0
2024-07-18,15750.0,12500.0,20000.0,36000.0,32500.0,115000.0,60000.0,34000.0,26000.0,17000.0,14000.0,17000.0,11500.0,12500.0,30000.0,28000.0,35000.0,10000.0
2024-07-19,15750.0,12500.0,17500.0,37500.0,31500.0,115000.0,59500.0,34000.0,26000.0,17000.0,14000.0,17000.0,10000.0,12500.0,30000.0,28000.0,35000.0,10000.0
2024-07-20,15750.0,12500.0,18000.0,37500.0,30000.0,115000.0,61000.0,33500.0,26500.0,17000.0,14000.0,17000.0,10000.0,12500.0,30000.0,28000.0,35000.0,10000.0
2024-07-21,15750.0,12500.0,19000.0,37500.0,31000.0,115000.0,57500.0,33500.0,26500.0,17000.0,14000.0,17000.0,10000.0,12500.0,30000.0,28000.0,35000.0,10000.0
2024-07-22,15750.0,12500.0,19000.0,37500.0,32500.0,115000.0,64000.0,33500.0,26500.0,17000.0,14000.0,17000.0,10000.0,12500.0,30000.0,28000.0,35000.0,10000.0
2024-07-23,15750.0,12500.0,20000.0,37500.0,32500.0,115000.0,70500.0,33500.0,26500.0,17000.0,14000.0,17000.0,10000.0,12500.0,30000.0,28000.0,35000.0,10000.0
2024-07-24,15750.0,12500.0,22500.0,37500.0,32000.0,115000.0,70000.0,33500.0,26500.0,17000.0,14000.0,17500.0,10000.0,12500.0,30000.0,28000.0,35000.0,10000.0
2024-07-25,15250.0,12500.0,21000.0,37500.0,32000.0,115000.0,67500.0,33500.0,26500.0,17000.0,14000.0,17500.0,10000.0,12500.0,30000.0,28000.0,35000.0,10000.0
2024-07-26,15250.0,12500.0,20000.0,37500.0,29000.0,115000.0,60000.0,33000.0,26500.0,17000.0,14000.0,17250.0,10000.0,12500.0,30000.0,28000.0,35000.0,10000.0
2024-07-27,15750.0,12500.0,20000.0,36000.0,31000.0,115000.0,61000.0,34500.0,26500.0,17250.0,14000.0,16750.0,10000.0,12500.0,30000.0,28000.0,35000.0,10000.0
2024-07-28,15750.0,12500.0,18500.0,36000.0,33500.0,115000.0,63500.0,34500.0,26500.0,17250.0,14000.0,16750.0,10000.0,12500.0,30000.0,28000.0,35000.0,10000.0
2024-07-29,15250.0,12500.0,18500.0,37500.0,33500.0,115000.0,62500.0,33000.0,27000.0,16750.0,14000.0,16500.0,10000.0,12500.0,30000.0,28000.0,35000.0,10000.0
2024-07-30,15250.0,12500.0,18500.0,37500.0,33500.0,115000.0,62500.0,33000.0,27000.0,16750.0,14000.0,16500.0,10000.0,12500.0,30000.0,28000.0,35000.0,10000.0
2024-07-31,15250.0,13000.0,18500.0,37500.0,33500.0,115000.0,57500.0,31500.0,26500.0,16750.0,14000.0,16500.0,10000.0,12500.0,30000.0,28000.0,35000.0,10000.0
2024-08-01,15250.0,13000.0,18500.0,37500.0,31000.0,115000.0,53000.0,31500.0,26500.0,16750.0,14000.0,16500.0,10000.0,12500.0,30000.0,28000.0,35000.0,10000.0
2024-08-02,15500.0,13000.0,25000.0,38000.0,32000.0,120000.0,50000.0,30000.0,28000.0,17500.0,14000.0,17000.0,10000.0,13000.0,24344.827586206895,28620.689655172413,40000.0,10000.0
2024-08-03,15250.0,13000.0,21500.0,36000.0,30000.0,115000.0,52500.0,31500.0,27000.0,16750.0,14000.0,16500.0,10000.0,12500.0,30000.0,28000.0,35000.0,10000.0
2024-08-04,15250.0,13000.0,21500.0,36000.0,31500.0,115000.0,52500.0,31500.0,27000.0,16750.0,14000.0,16500.0,10000.0,12500.0,30000.0,28000.0,35000.0,10000.0
2024-08-05,15500.0,13000.0,20000.0,35000.0,30000.0,120000.0,50000.0,30000.0,28000.0,17500.0,14000.0,17000.0,10000.0,13000.0,24344.827586206895,28620.689655172413,40000.0,10000.0
2024-08-06,15250.0,13000.0,20000.0,36000.0,25000.0,115000.0,50000.0,31500.0,27000.0,16750.0,14500.0,17000.0,10000.0,12500.0,30000.0,28000.0,35000.0,10000.0
2024-08-07,15250.0,13000.0,22500.0,37500.0,31000.0,115000.0,53000.0,31500.0,26500.0,16750.0,14500.0,17000.0,11000.0,12500.0,30000.0,28000.0,35000.0,10000.0
2024-08-08,15250.0,13000.0,21500.0,37500.0,31000.0,115000.0,53000.0,31500.0,26500.0,16750.0,14500.0,17000.0,11000.0,12500.0,30000.0,28000.0,35000.0,10000.0
2024-08-09,15250.0,13000.0,20000.0,36500.0,32000.0,115000.0,53500.0,31500.0,26500.0,16750.0,14500.0,17000.0,11000.0,12500.0,30000.0,28000.0,35000.0,10000.0
2024-08-10,15250.0,13000.0,21000.0,36500.0,32000.0,115000.0,51000.0,31500.0,26500.0,16750.0,14500.0,17000.0,11000.0,12500.0,30000.0,28000.0,35000.0,10000.0
2024-08-11,15250.0,13000.0,21000.0,36500.0,34500.0,115000.0,48500.0,31500.0,26500.0,16750.0,14500.0,17000.0,11000.0,12500.0,22000.0,28000.0,34000.0,10000.0
2024-08-12,15250.0,13000.0,20000.0,37500.0,32500.0,115000.0,50000.0,31500.0,26500.0,16750.0,14500.0,17000.0,11000.0,12500.0,22000.0,28000.0,34000.0,10000.0
2024-08-13,15500.0,13000.0,20000.0,37500.0,32500.0,115000.0,50000.0,31500.0,26500.0,16750.0,14500.0,17000.0,11000.0,12500.0,22000.0,28000.0,34000.0,10000.0
2024-08-14,15500.0,13000.0,20000.0,36500.0,31000.0,115000.0,42500.0,31500.0,26500.0,16750.0,14500.0,17000.0,11000.0,12500.0,22000.0,28000.0,34000.0,10000.0
2024-08-15,15500.0,13000.0,22500.0,36500.0,33000.0,115000.0,40000.0,33000.0,26000.0,16750.0,14500.0,17000.0,11000.0,12500.0,22000.0,28000.0,34000.0,10000.0
2024-08-16,15500.0,13000.0,21000.0,36500.0,31000.0,115000.0,40000.0,32000.0,26500.0,16750.0,14500.0,17000.0,11000.0,12500.0,22000.0,28000.0,34000.0,10000.0
2024-08-17,15500.0,13000.0,21000.0,36500.0,31000.0,115000.0,40000.0,32000.0,26500.0,16750.0,14500.0,17000.0,11000.0,12500.0,22000.0,28000.0,34000.0,10000.0
2024-08-18,15500.0,13000.0,22500.0,36500.0,32500.0,115000.0,46000.0,32000.0,26500.0,16750.0,14500.0,17000.0,11000.0,12500.0,22000.0,28000.0,34000.0,10000.0
2024-08-19,15500.0,13000.0,21500.0,36500.0,30000.0,115000.0,47000.0,31500.0,26500.0,16750.0,14500.0,17000.0,11000.0,12500.0,22000.0,28000.0,34000.0,10000.0
2024-08-20,15500.0,13000.0,22000.0,37500.0,30000.0,115000.0,42000.0,31500.0,26500.0,16750.0,14500.0,17000.0,11000.0,12500.0,23000.0,28000.0,34000.0,10000.0
2024-08-21,15500.0,13000.0,22500.0,36500.0,30000.0,115000.0,37000.0,31500.0,26500.0,16750.0,14500.0,17000.0,11000.0,12500.0,23000.0,28000.0,34000.0,10000.0
2024-08-22,15500.0,13000.0,21000.0,36500.0,32000.0,115000.0,32500.0,31500.0,26500.0,16750.0,14500.0,17000.0,11000.0,12500.0,23000.0,28000.0,34000.0,10000.0
2024-08-23,15500.0,13000.0,21000.0,36500.0,28500.0,115000.0,31000.0,32500.0,26000.0,16750.0,14500.0,17000.0,11000.0,12500.0,23000.0,30000.0,34000.0,10000.0
2024-08-24,15500.0,13000.0,20000.0,36000.0,26000.0,115000.0,31000.0,33000.0,25000.0,16750.0,14500.0,17000.0,11000.0,12500.0,22000.0,30000.0,34000.0,10000.0
2024-08-25,15500.0,13000.0,20000.0,36000.0,25000.0,115000.0,31000.0,33000.0,25000.0,16750.0,14500.0,17000.0,11000.0,12500.0,22000.0,30000.0,34000.0,10000.0
2024-08-26,15500.0,13000.0,19000.0,36000.0,26500.0,115000.0,31000.0,33000.0,25000.0,16750.0,14500.0,17000.0,11000.0,12500.0,22000.0,30000.0,34000.0,10000.0
2024-08-27,15500.0,13000.0,21500.0,36000.0,26500.0,115000.0,28500.0,33000.0,25000.0,16750.0,14500.0,17000.0,11000.0,12500.0,22000.0,30000.0,34000.0,10000.0
2024-08-28,15500.0,13000.0,20000.0,36000.0,24500.0,115000.0,32500.0,33500.0,25000.0,16750.0,14500.0,17000.0,11000.0,12500.0,22000.0,30000.0,34000.0,10000.0
2024-08-29,15500.0,13000.0,20000.0,36000.0,24500.0,115000.0,35000.0,33500.0,24500.0,16500.0,14500.0,17000.0,11000.0,12500.0,22000.0,30000.0,34000.0,10000.0
2024-08-30,15500.0,13000.0,23500.0,35500.0,27500.0,115000.0,27500.0,31500.0,25000.0,16750.0,14500.0,17000.0,11000.0,12500.0,22000.0,30000.0,34000.0,10000.0
2024-08-31,15500.0,13000.0,22000.0,36000.0,26500.0,115000.0,24000.0,31500.0,25000.0,16750.0,14500.0,17000.0,11000.0,12500.0,22000.0,30000.0,34000.0,10000.0
2024-09-01,15500.0,13000.0,22000.0,35500.0,25000.0,115000.0,26500.0,33000.0,25000.0,16500.0,14500.0,17000.0,11000.0,12500.0,22000.0,30000.0,34000.0,10000.0
2024-09-02,15500.0,13000.0,22000.0,36000.0,26000.0,115000.0,26500.0,33000.0,25000.0,16500.0,14500.0,17000.0,11000.0,12500.0,22000.0,30000.0,34000.0,10000.0
2024-09-03,15500.0,13000.0,23500.0,36000.0,26000.0,115000.0,26500.0,33000.0,25000.0,16500.0,14500.0,17000.0,11000.0,12500.0,22000.0,30000.0,34000.0,10000.0
2024-09-04,15500.0,13000.0,23500.0,36000.0,24000.0,115000.0,30000.0,33000.0,24500.0,16500.0,14500.0,17000.0,11000.0,12500.0,22000.0,30000.0,34000.0,10000.0
2024-09-05,15500.0,13000.0,23500.0,36000.0,25000.0,115000.0,29000.0,33000.0,24500.0,16500.0,15350.0,17000.0,11000.0,12500.0,22000.0,30000.0,34000.0,10000.0
2024-09-06,15500.0,13000.0,23500.0,36000.0,24000.0,115000.0,29000.0,32500.0,25000.0,16500.0,15350.0,17000.0,11000.0,12500.0,22000.0,30000.0,34000.0,10000.0
2024-09-07,15500.0,13000.0,23500.0,36000.0,24000.0,115000.0,29000.0,32500.0,25000.0,16500.0,15350.0,17000.0,11000.0,12500.0,22000.0,30000.0,34000.0,10000.0
2024-09-08,15500.0,13000.0,23500.0,36000.0,22500.0,115000.0,29000.0,32500.0,25000.0,16500.0,15350.0,17000.0,11000.0,12500.0,22000.0,30000.0,34000.0,10000.0
2024-09-09,15500.0,13000.0,23500.0,36000.0,21500.0,115000.0,30000.0,33000.0,25000.0,16500.0,15350.0,17000.0,11000.0,12500.0,22000.0,30000.0,34000.0,10000.0
2024-09-10,15500.0,13000.0,23500.0,36000.0,21500.0,115000.0,29000.0,33000.0,25000.0,16500.0,15350.0,17000.0,11000.0,12500.0,22000.0,30000.0,34000.0,10000.0
2024-09-11,15500.0,13000.0,23500.0,36000.0,22500.0,115000.0,30000.0,33000.0,25000.0,16500.0,15350.0,17000.0,11000.0,12500.0,22000.0,30000.0,34000.0,10000.0
2024-09-12,15500.0,13000.0,23500.0,36000.0,22500.0,115000.0,30000.0,33000.0,25000.0,16500.0,15350.0,17000.0,11000.0,12500.0,22000.0,30000.0,34000.0,10000.0
2024-09-13,15500.0,13000.0,23500.0,36000.0,25000.0,115000.0,30000.0,33000.0,25000.0,16500.0,15350.0,17000.0,11000.0,12500.0,23000.0,30000.0,34000.0,10000.0
2024-09-14,15500.0,13000.0,23500.0,36000.0,22500.0,115000.0,29000.0,32500.0,25000.0,16500.0,15350.0,17000.0,11000.0,12500.0,23000.0,30000.0,34000.0,10000.0
2024-09-15,15500.0,13000.0,23500.0,36000.0,23500.0,115000.0,31000.0,32500.0,25000.0,16500.0,15350.0,17000.0,11000.0,12500.0,23000.0,30000.0,34000.0,10000.0
2024-09-16,15500.0,13000.0,23500.0,36000.0,23500.0,115000.0,31000.0,33000.0,25000.0,16500.0,15350.0,17000.0,11000.0,12500.0,23000.0,30000.0,34000.0,10000.0
2024-09-17,15500.0,13000.0,22000.0,36000.0,23500.0,115000.0,27500.0,33000.0,25000.0,16500.0,15350.0,17000.0,11000.0,12500.0,22000.0,30000.0,34000.0,10000.0
2024-09-18,15500.0,13000.0,22000.0,36000.0,23500.0,115000.0,27500.0,33000.0,25000.0,16500.0,15350.0,17000.0,11000.0,12500.0,22000.0,30000.0,34000.0,10000.0
2024-09-19,15500.0,13000.0,22000.0,36000.0,22500.0,115000.0,27500.0,33000.0,25000.0,16500.0,15350.0,17000.0,11000.0,12500.0,22000.0,30000.0,34000.0,10000.0
2024-09-20,15500.0,13000.0,22000.0,36000.0,22500.0,115000.0,27500.0,33000.0,25000.0,16500.0,15350.0,17000.0,11000.0,12500.0,22000.0,30000.0,34000.0,10000.0
2024-09-21,15500.0,13000.0,22000.0,36000.0,22500.0,115000.0,27500.0,33000.0,25500.0,16500.0,15350.0,17000.0,11000.0,12500.0,22000.0,30000.0,34000.0,10000.0
2024-09-22,15500.0,13000.0,22000.0,36000.0,22500.0,115000.0,28500.0,33000.0,25500.0,16500.0,15350.0,17000.0,11000.0,12500.0,22000.0,30000.0,34000.0,10000.0
2024-09-23,15500.0,13000.0,23500.0,36000.0,22500.0,115000.0,27500.0,33000.0,25500.0,16500.0,15350.0,17000.0,11000.0,12500.0,22000.0,30000.0,34000.0,10000.0
2024-09-24,15500.0,13000.0,23500.0,36000.0,21000.0,115000.0,27500.0,32500.0,25500.0,16500.0,15350.0,17000.0,11000.0,12500.0,22000.0,30000.0,34000.0,10000.0
2024-09-25,15500.0,13000.0,23500.0,36000.0,19500.0,115000.0,27500.0,32500.0,25500.0,16500.0,15350.0,17000.0,11000.0,12500.0,22000.0,30000.0,34000.0,10000.0
2024-09-26,15500.0,13000.0,23500.0,36000.0,19500.0,115000.0,27500.0,32500.0,25500.0,16500.0,15350.0,17000.0,11000.0,12500.0,22000.0,30000.0,34000.0,10000.0
2024-09-27,15500.0,13000.0,23500.0,36000.0,20500.0,115000.0,26500.0,32500.0,25500.0,16500.0,15350.0,17000.0,11000.0,12500.0,22000.0,30000.0,34000.0,10000.0
2024-09-28,15500.0,13000.0,25000.0,36000.0,20000.0,115000.0,26000.0,32500.0,25500.0,16500.0,15350.0,17250.0,11000.0,12500.0,22000.0,30000.0,34000.0,10000.0
2024-09-29,15500.0,13000.0,25000.0,36000.0,20000.0,115000.0,26000.0,32500.0,25500.0,16500.0,15350.0,17250.0,11000.0,12500.0,22000.0,30000.0,34000.0,10000.0
2024-09-30,16000.0,13000.0,22000.0,36000.0,18000.0,120000.0,39000.0,32000.0,26000.0,17000.0,15700.0,17000.0,12000.0,13000.0,22137.931034482757,30000.0,40000.0,10000.0
2024-10-01,15500.0,13000.0,22000.0,36000.0,20500.0,115000.0,32000.0,32500.0,25500.0,16500.0,15350.0,17250.0,11000.0,12500.0,22000.0,30000.0,34000.0,10000.0
2024-10-02,15500.0,13000.0,23500.0,36000.0,20500.0,115000.0,30000.0,32500.0,25500.0,16500.0,15350.0,17250.0,11000.0,12500.0,22000.0,30000.0,34000.0,10000.0
2024-10-03,15500.0,13000.0,23500.0,36000.0,24000.0,115000.0,30000.0,32500.0,25500.0,16500.0,15350.0,17250.0,11000.0,12500.0,22000.0,30000.0,34000.0,10000.0
2024-10-04,15500.0,13000.0,23500.0,37000.0,18500.0,115000.0,28500.0,32500.0,25500.0,16500.0,15350.0,17250.0,11000.0,12500.0,22000.0,30000.0,34000.0,10000.0
2024-10-05,15500.0,13000.0,23500.0,37000.0,17500.0,115000.0,28500.0,32500.0,25500.0,16500.0,15350.0,17250.0,11000.0,12500.0,22000.0,30000.0,34000.0,10000.0
2024-10-06,15500.0,13000.0,23500.0,37500.0,20000.0,115000.0,28500.0,32500.0,25500.0,17000.0,15350.0,17250.0,11000.0,12500.0,22000.0,30000.0,34000.0,10000.0
2024-10-07,15500.0,13000.0,23500.0,37500.0,20000.0,115000.0,28500.0,32500.0,25500.0,17000.0,15350.0,17250.0,11000.0,12500.0,22000.0,30000.0,34000.0,10000.0
2024-10-08,15500.0,13000.0,23500.0,36500.0,19000.0,115000.0,27500.0,31500.0,25500.0,17000.0,15850.0,17250.0,11000.0,12500.0,22000.0,30000.0,34000.0,10000.0
2024-10-09,15500.0,13000.0,23500.0,36500.0,19000.0,115000.0,27500.0,31500.0,25500.0,17000.0,15350.0,17250.0,11000.0,12500.0,22000.0,30000.0,34000.0,10000.0
2024-10-10,15500.0,13000.0,23500.0,37500.0,20000.0,115000.0,31000.0,31500.0,25500.0,17000.0,15350.0,17500.0,11000.0,12500.0,22000.0,30000.0,34000.0,10000.0
2024-10-11,15500.0,13000.0,23500.0,36000.0,22500.0,115000.0,31000.0,32500.0,25500.0,17000.0,15850.0,17500.0,11000.0,12500.0,22000.0,30000.0,34000.0,10000.0
2024-10-12,15500.0,13000.0,22500.0,36000.0,22500.0,115000.0,31000.0,32500.0,25500.0,17000.0,15850.0,17500.0,11000.0,12500.0,22000.0,30000.0,34000.0,10000.0
2024-10-13,15500.0,13000.0,22500.0,36000.0,20000.0,115000.0,29500.0,32500.0,25500.0,17000.0,15850.0,17500.0,11000.0,12500.0,22000.0,30000.0,34000.0,10000.0
2024-10-14,15500.0,13000.0,22500.0,36000.0,20000.0,115000.0,30000.0,32500.0,25500.0,17000.0,15850.0,17500.0,11000.0,12500.0,22000.0,30000.0,34000.0,10000.0
2024-10-15,15500.0,13000.0,22500.0,36000.0,19000.0,115000.0,31500.0,32500.0,25500.0,17000.0,15850.0,17500.0,11000.0,12500.0,22000.0,30000.0,34000.0,10000.0
2024-10-16,15500.0,13000.0,23500.0,36000.0,17500.0,115000.0,31500.0,32500.0,25500.0,17000.0,15850.0,17500.0,11000.0,11500.0,22000.0,30000.0,34000.0,10000.0
2024-10-17,15500.0,13000.0,23500.0,36000.0,17500.0,115000.0,29000.0,32500.0,25500.0,17000.0,15850.0,17500.0,11000.0,12500.0,22000.0,30000.0,34000.0,10000.0
2024-10-18,16000.0,13000.0,25000.0,35000.0,18000.0,120000.0,35000.0,32000.0,26000.0,17000.0,15700.0,17000.0,12000.0,13000.0,22000.0,30000.0,40000.0,10000.0
2024-10-19,15500.0,13000.0,23500.0,36000.0,17500.0,115000.0,29000.0,32500.0,25500.0,17000.0,15850.0,17500.0,11000.0,12500.0,22000.0,30000.0,34000.0,10000.0
2024-10-20,15500.0,13000.0,23500.0,36000.0,17500.0,115000.0,29000.0,32500.0,25500.0,17000.0,15850.0,17500.0,11000.0,12500.0,22000.0,30000.0,34000.0,10000.0
2024-10-21,15500.0,13000.0,23500.0,36000.0,17500.0,115000.0,30000.0,32500.0,25500.0,17000.0,15850.0,17500.0,11000.0,12500.0,22000.0,30000.0,34000.0,10000.0
2024-10-22,16000.0,13000.0,23500.0,37500.0,16500.0,115000.0,26500.0,32500.0,25500.0,17000.0,15850.0,17500.0,11000.0,12500.0,22000.0,30000.0,34000.0,10000.0
2024-10-23,16000.0,13000.0,23500.0,37500.0,16500.0,115000.0,26500.0,32500.0,25500.0,17000.0,15850.0,17500.0,11000.0,12500.0,22000.0,30000.0,34000.0,10000.0
2024-10-24,16000.0,13000.0,23500.0,37500.0,15500.0,115000.0,28500.0,32500.0,25500.0,17000.0,15850.0,17500.0,11000.0,12500.0,22000.0,30000.0,34000.0,10000.0
2024-10-25,16000.0,13000.0,25000.0,38000.0,18000.0,120000.0,39000.0,34000.0,26000.0,17000.0,15700.0,17000.0,12000.0,13000.0,22000.0,30000.0,38000.0,10000.0
2024-10-26,16000.0,13000.0,25000.0,37500.0,15500.0,115000.0,28500.0,35000.0,25500.0,17000.0,15850.0,17500.0,11000.0,12500.0,22000.0,30000.0,33000.0,10000.0
2024-10-27,16000.0,13000.0,25000.0,37500.0,15500.0,115000.0,28500.0,35000.0,25500.0,17000.0,15850.0,17500.0,11000.0,12500.0,22000.0,30000.0,33000.0,10000.0
2024-10-28,16000.0,13000.0,25000.0,37500.0,15500.0,115000.0,31000.0,35500.0,25500.0,17000.0,15850.0,17500.0,11000.0,12500.0,22000.0,30000.0,33000.0,10000.0
2024-10-29,16000.0,13000.0,25000.0,37500.0,17500.0,115000.0,25000.0,35500.0,25500.0,17000.0,15850.0,17500.0,11000.0,12500.0,22000.0,30000.0,33000.0,10000.0
2024-10-30,16000.0,13000.0,25000.0,37500.0,17500.0,115000.0,26000.0,35500.0,25500.0,17000.0,15850.0,17500.0,11000.0,12500.0,22000.0,30000.0,33000.0,10000.0
2024-10-31,16000.0,13000.0,25000.0,36000.0,15000.0,120000.0,30000.0,35000.0,26000.0,17000.0,15700.0,17000.0,12000.0,13000.0,22000.0,30000.0,38000.0,10000.0
2024-11-01,16000.0,13000.0,25000.0,36000.0,16000.0,120000.0,25000.0,35000.0,26000.0,17000.0,15700.0,17000.0,12000.0,13000.0,21931.03448275862,30000.0,38000.0,10000.0
2024-11-02,16000.0,13000.0,26500.0,36500.0,14500.0,115000.0,21000.0,35000.0,25500.0,17000.0,15850.0,17500.0,11000.0,12500.0,22000.0,30000.0,33000.0,10000.0
2024-11-03,16000.0,13000.0,29000.0,36500.0,17500.0,115000.0,23500.0,35000.0,25500.0,16500.0,15850.0,17500.0,11000.0,12500.0,22000.0,30000.0,33000.0,10000.0
2024-11-04,16000.0,13000.0,30000.0,36500.0,17500.0,120000.0,23500.0,35000.0,25500.0,16500.0,15850.0,17500.0,11000.0,12500.0,22000.0,30000.0,33000.0,10000.0
2024-11-05,16000.0,13000.0,30000.0,36500.0,14500.0,115000.0,29000.0,35000.0,25500.0,16500.0,15850.0,17500.0,11000.0,12500.0,22000.0,30000.0,33000.0,10000.0
2024-11-06,16000.0,13000.0,28500.0,36500.0,14500.0,115000.0,27500.0,35000.0,25500.0,16500.0,15850.0,17500.0,11000.0,12500.0,22000.0,30000.0,33000.0,10000.0
2024-11-07,16000.0,13000.0,28500.0,36500.0,14500.0,115000.0,27500.0,35000.0,25500.0,16500.0,15850.0,17500.0,11000.0,12500.0,22000.0,30000.0,33000.0,10000.0
2024-11-08,16000.0,13000.0,28500.0,36500.0,14500.0,115000.0,26500.0,35000.0,30500.0,16500.0,15850.0,17500.0,11000.0,12500.0,22000.0,30000.0,33000.0,10000.0
2024-11-09,16000.0,13000.0,29500.0,36500.0,15500.0,115000.0,23500.0,35000.0,25500.0,16500.0,15850.0,17500.0,11000.0,12500.0,22000.0,30000.0,33000.0,10000.0
2024-11-10,16000.0,13000.0,32000.0,37000.0,15500.0,115000.0,23500.0,35000.0,25500.0,16500.0,15850.0,17500.0,11000.0,12500.0,22000.0,30000.0,33000.0,10000.0
2024-11-11,16000.0,13000.0,31500.0,37000.0,15500.0,115000.0,27000.0,35000.0,25500.0,16500.0,15850.0,17500.0,11000.0,12500.0,22000.0,30000.0,33000.0,10000.0
2024-11-12,16000.0,13000.0,29500.0,37000.0,14000.0,115000.0,26500.0,35000.0,26000.0,16500.0,15850.0,17500.0,11000.0,12500.0,22000.0,30000.0,33000.0,10000.0
2024-11-13,16000.0,13000.0,28000.0,36500.0,15500.0,115000.0,24500.0,34000.0,25500.0,16500.0,15850.0,18000.0,11000.0,12500.0,22000.0,30000.0,34000.0,10000.0
2024-11-14,16000.0,13000.0,34500.0,36500.0,14000.0,115000.0,24500.0,34000.0,25500.0,16500.0,15850.0,18000.0,11000.0,12500.0,20000.0,30000.0,34000.0,10000.0
2024-11-15,16000.0,13000.0,34500.0,36500.0,14000.0,115000.0,24500.0,34000.0,25500.0,16500.0,15850.0,18000.0,11000.0,12500.0,22000.0,30000.0,34000.0,10000.0
2024-11-16,16000.0,13000.0,34500.0,38000.0,15500.0,115000.0,24500.0,34000.0,25500.0,16500.0,15850.0,18000.0,11000.0,12500.0,22000.0,30000.0,34000.0,10000.0
2024-11-17,16000.0,13000.0,31000.0,38000.0,12500.0,115000.0,25500.0,34000.0,25500.0,16500.0,15850.0,18000.0,11000.0,12500.0,22000.0,30000.0,34000.0,10000.0
2024-11-18,16000.0,13000.0,31000.0,38000.0,16500.0,115000.0,25500.0,34000.0,25500.0,16500.0,15850.0,18000.0,11000.0,12500.0,22000.0,30000.0,34000.0,10000.0
2024-11-19,16000.0,13000.0,39000.0,39000.0,16500.0,115000.0,24000.0,34000.0,25500.0,16500.0,15850.0,18000.0,11000.0,12500.0,22000.0,30000.0,34000.0,10000.0
2024-11-20,16000.0,13000.0,35000.0,38000.0,16500.0,115000.0,24000.0,34000.0,25500.0,16500.0,15850.0,18000.0,11000.0,12500.0,22000.0,30000.0,34000.0,10000.0
2024-11-21,16000.0,13000.0,35000.0,38000.0,15000.0,115000.0,22500.0,34000.0,25500.0,16500.0,15850.0,18000.0,11000.0,12500.0,22000.0,30000.0,34000.0,10000.0
2024-11-22,16000.0,13000.0,30000.0,38000.0,16500.0,115000.0,22500.0,34000.0,25500.0,16500.0,15850.0,18000.0,11000.0,12500.0,22000.0,30000.0,34000.0,10000.0
2024-11-23,16000.0,13000.0,34000.0,38000.0,16500.0,115000.0,22500.0,34500.0,25500.0,16500.0,15850.0,18000.0,11000.0,12500.0,22000.0,30000.0,34000.0,10000.0
2024-11-24,16000.0,13000.0,36500.0,37000.0,16500.0,115000.0,22500.0,35000.0,25500.0,16500.0,15850.0,18000.0,11000.0,12500.0,22000.0,30000.0,34000.0,10000.0
2024-11-25,16000.0,13000.0,39000.0,37000.0,16500.0,115000.0,22500.0,35000.0,25500.0,16500.0,15850.0,18000.0,11000.0,12500.0,22000.0,30000.0,34000.0,10000.0
2024-11-26,16000.0,13000.0,39000.0,37000.0,16500.0,115000.0,21000.0,35500.0,25500.0,16500.0,15850.0,18000.0,11000.0,12500.0,22000.0,30000.0,34000.0,10000.0
2024-11-27,16000.0,13000.0,39000.0,37000.0,16500.0,115000.0,22500.0,35500.0,25500.0,16500.0,16850.0,18000.0,11000.0,12500.0,22000.0,30000.0,34000.0,10000.0
2024-11-28,16000.0,13000.0,39000.0,37000.0,16500.0,115000.0,22500.0,35500.0,25500.0,16500.0,16850.0,18000.0,11000.0,12500.0,22000.0,30000.0,34000.0,10000.0
2024-11-29,16000.0,13000.0,36500.0,37000.0,15000.0,115000.0,21500.0,35500.0,25500.0,16500.0,17350.0,18000.0,11000.0,12500.0,22000.0,30000.0,34000.0,10000.0
2024-11-30,16000.0,13000.0,32500.0,39000.0,16500.0,115000.0,20000.0,35000.0,25500.0,16500.0,17350.0,18000.0,11000.0,12500.0,22000.0,30000.0,34000.0,10000.0
2024-12-01,16000.0,13000.0,30000.0,40000.0,25000.0,120000.0,22000.0,34000.0,26000.0,17000.0,15700.0,18000.0,12000.0,13000.0,29428.571428571428,31619.04761904762,40000.0,10000.0
2024-12-02,16000.0,13000.0,32500.0,38000.0,16500.0,115000.0,22500.0,35000.0,25500.0,16500.0,17350.0,18000.0,11000.0,12500.0,22000.0,30000.0,34000.0,10000.0
2024-12-03,16000.0,13000.0,32500.0,38000.0,16500.0,115000.0,22500.0,35000.0,25500.0,16500.0,17350.0,18000.0,11000.0,12500.0,28000.0,30000.0,34000.0,10000.0
2024-12-04,16000.0,13000.0,32500.0,38000.0,16500.0,115000.0,22500.0,35000.0,25500.0,16500.0,16850.0,18000.0,11000.0,12500.0,28000.0,30000.0,34000.0,10000.0
2024-12-05,16000.0,13000.0,32500.0,38000.0,16500.0,115000.0,24000.0,35000.0,25500.0,16500.0,16850.0,18000.0,11000.0,12500.0,30000.0,30000.0,34000.0,10000.0
2024-12-06,16000.0,13000.0,32500.0,39000.0,17500.0,115000.0,24000.0,35000.0,25500.0,16500.0,16850.0,18000.0,11000.0,12500.0,30000.0,32000.0,34000.0,10000.0
2024-12-07,16000.0,13000.0,35000.0,40000.0,20000.0,120000.0,26000.0,34000.0,26000.0,17000.0,15700.0,18000.0,12000.0,13000.0,29428.571428571424,31619.04761904762,40000.0,10000.0
2024-12-08,16000.0,13000.0,34000.0,39500.0,19000.0,115000.0,24000.0,34500.0,25500.0,16500.0,16850.0,18000.0,11000.0,12500.0,30000.0,32000.0,34000.0,10000.0
2024-12-09,16000.0,13000.0,34000.0,39500.0,19000.0,115000.0,23000.0,34500.0,25500.0,16500.0,16850.0,18000.0,11000.0,12500.0,30000.0,32000.0,34000.0,10000.0
2024-12-10,16000.0,13000.0,34000.0,38500.0,20000.0,115000.0,22500.0,34500.0,25500.0,16500.0,16850.0,18000.0,11000.0,12500.0,30000.0,32000.0,34000.0,10000.0
2024-12-11,16000.0,13000.0,34000.0,38500.0,21000.0,115000.0,24000.0,34500.0,25500.0,16500.0,16850.0,18500.0,11000.0,12500.0,30000.0,32000.0,34000.0,10000.0
2024-12-12,16000.0,13000.0,34000.0,38500.0,21000.0,115000.0,24000.0,34500.0,27000.0,16500.0,18000.0,18000.0,11000.0,12500.0,30000.0,32000.0,34000.0,10000.0
2024-12-13,15500.0,13000.0,34000.0,39500.0,21000.0,115000.0,26500.0,34500.0,26500.0,16500.0,16850.0,18000.0,11000.0,12500.0,30000.0,32000.0,34000.0,10000.0
2024-12-14,15500.0,13000.0,33500.0,39500.0,21000.0,115000.0,25000.0,34000.0,26500.0,16500.0,16850.0,18000.0,11000.0,12500.0,30000.0,32000.0,34000.0,10000.0
2024-12-15,15500.0,13000.0,33500.0,39500.0,24000.0,115000.0,25000.0,34000.0,27750.0,16500.0,16850.0,18000.0,11000.0,12500.0,30000.0,32000.0,34000.0,10000.0
2024-12-16,15500.0,13000.0,35000.0,39500.0,26500.0,115000.0,31000.0,34500.0,28250.0,17000.0,17350.0,19000.0,11000.0,12500.0,30000.0,32000.0,34000.0,10000.0
2024-12-17,15500.0,13000.0,35000.0,39500.0,25000.0,115000.0,32500.0,34500.0,29000.0,17000.0,17350.0,19000.0,11000.0,12500.0,30000.0,32000.0,34000.0,10000.0
2024-12-18,15500.0,13000.0,35000.0,39500.0,28500.0,115000.0,36000.0,34500.0,28500.0,17000.0,16850.0,19000.0,11000.0,12500.0,30000.0,32000.0,34000.0,10000.0
2024-12-19,15500.0,13000.0,34000.0,39500.0,25000.0,115000.0,41000.0,34500.0,28500.0,17000.0,17350.0,19000.0,11000.0,12500.0,30000.0,32000.0,34000.0,10000.0
2024-12-20,15500.0,13000.0,34000.0,39500.0,25000.0,115000.0,46000.0,34500.0,28500.0,17000.0,17350.0,19000.0,11000.0,12500.0,30000.0,32000.0,34000.0,10000.0
2024-12-21,15500.0,13000.0,34000.0,39500.0,28500.0,115000.0,55000.0,34500.0,28500.0,17000.0,17350.0,19000.0,11000.0,12500.0,30000.0,32000.0,34000.0,10000.0
2024-12-22,15500.0,13000.0,37500.0,37000.0,28500.0,115000.0,55000.0,34500.0,28500.0,17000.0,17350.0,19000.0,11000.0,12500.0,30000.0,32000.0,34000.0,10000.0
2024-12-23,15500.0,13000.0,39500.0,39500.0,32500.0,115000.0,40000.0,34500.0,28500.0,17000.0,17350.0,19000.0,11000.0,12500.0,30000.0,32000.0,34000.0,10000.0
2024-12-24,15760.869565217392,13000.0,34021.739130434784,39021.739130434784,22347.82608695652,115434.78260869565,30173.91304347826,34521.739130434784,26847.82608695652,16717.391304347828,16995.652173913044,18369.565217391304,11086.95652173913,12543.478260869566,29428.571428571428,31619.047619047622,34521.739130434784,10000.0
2024-12-25,15760.869565217392,13000.0,34021.739130434784,39021.739130434784,22347.826086956524,115434.78260869566,30173.91304347826,34521.739130434784,26847.826086956524,16717.391304347828,16995.652173913044,18369.565217391304,11086.95652173913,12543.478260869566,29428.57142857143,31619.047619047622,34521.739130434784,10000.0
2024-12-26,15760.869565217392,13000.0,34021.739130434784,39021.739130434784,22347.826086956524,115434.78260869566,30173.91304347826,34521.739130434784,26847.826086956524,16717.391304347828,16995.65217391304,18369.565217391304,11086.95652173913,12543.478260869566,29428.57142857143,31619.047619047622,34521.739130434784,10000.0
2024-12-27,15760.869565217394,13000.0,34021.739130434784,39021.739130434784,22347.826086956524,115434.78260869566,30173.913043478264,34521.739130434784,26847.826086956524,16717.391304347828,16995.65217391304,18369.565217391304,11086.956521739132,12543.478260869566,29428.571428571435,31619.04761904762,34521.739130434784,10000.0
2024-12-28,15760.869565217394,13000.0,34021.739130434784,39021.739130434784,22347.826086956524,115434.78260869568,30173.913043478264,34521.739130434784,26847.826086956524,16717.391304347828,16995.65217391304,18369.565217391304,11086.956521739132,12543.478260869566,29428.571428571435,31619.04761904762,34521.739130434784,10000.0
2024-12-29,15760.869565217394,13000.0,34021.73913043479,39021.73913043479,22347.826086956524,115434.78260869568,30173.913043478264,34521.73913043479,26847.826086956524,16717.391304347828,16995.65217391304,18369.565217391304,11086.956521739132,12543.478260869566,29428.57142857144,31619.047619047615,34521.73913043479,10000.0
2024-12-30,15760.869565217394,13000.0,34021.73913043479,39021.73913043479,22347.826086956527,115434.78260869568,30173.913043478264,34521.73913043479,26847.826086956527,16717.391304347828,16995.65217391304,18369.565217391304,11086.956521739132,12543.478260869566,29428.57142857144,31619.047619047615,34521.73913043479,10000.0
2024-12-31,15760.869565217396,13000.0,34021.73913043479,39021.73913043479,22347.826086956527,115434.78260869569,30173.913043478264,34521.73913043479,26847.826086956527,16717.391304347828,16995.65217391304,18369.565217391304,11086.956521739132,12543.478260869566,29428.57142857144,31619.047619047615,34521.73913043479,10000.0
2025-01-01,15671.892857142857,13056.42857142857,33467.82142857143,41719.78571428572,47833.32142857143,117423.60714285714,67743.5,34928.0,27154.928571428572,16826.14285714286,20436.678571428572,19751.85714285714,9849.17857142857,11839.57142857143,25961.32,34020.64,33123.78571428572,10010.285714285714
2025-01-02,15671.892857142857,13056.428571428572,33467.82142857143,41719.78571428571,47833.32142857143,117423.60714285714,67743.5,34928.0,27154.928571428572,16826.142857142855,20436.678571428572,19751.857142857145,9849.178571428572,11839.571428571428,25961.320000000003,34020.64,33123.78571428571,10010.285714285714
2025-01-03,15560.0,13667.0,36429.0,40625.0,48000.0,116667.0,75000.0,35250.0,29750.0,16750.0,20300.0,20375.0,8800.0,11700.0,25961.32,34020.64,40000.0,9600.0
2025-01-04,16000.0,13000.0,38333.0,43333.0,50000.0,120000.0,98333.0,35333.0,30000.0,17000.0,20500.0,21000.0,9000.0,11500.0,25961.32,34020.64,40000.0,10000.0
2025-01-05,15400.0,13000.0,34667.0,40333.0,46167.0,115000.0,81833.0,35200.0,28800.0,17100.0,19800.0,20400.0,9600.0,12000.0,30000.0,32000.0,31000.0,10000.0
2025-01-06,15475.0,13600.0,35000.0,41556.0,46000.0,116667.0,83889.0,35143.0,29000.0,16813.0,19938.0,20188.0,8750.0,12438.0,34667.0,36833.0,33143.0,10000.0
2025-01-07,15625.0,13250.0,37444.0,41556.0,46111.0,116667.0,85000.0,35000.0,28875.0,16688.0,20250.0,19875.0,9750.0,11813.0,32667.0,36833.0,32857.0,10000.0
2025-01-08,15625.0,13000.0,35750.0,41750.0,44444.0,112222.0,76375.0,35143.0,27625.0,16688.0,20250.0,19750.0,9750.0,11813.0,25200.0,35600.0,32500.0,10000.0
2025-01-09,15875.0,13000.0,34778.0,41667.0,43000.0,116667.0,76667.0,35143.0,28000.0,16875.0,21250.0,19625.0,10000.0,11875.0,32500.0,36000.0,32714.0,10000.0
2025-01-10,15625.0,13000.0,35778.0,41667.0,43000.0,116667.0,73556.0,35125.0,27500.0,16688.0,20250.0,19625.0,10000.0,11813.0,26000.0,35000.0,31857.0,10000.0
2025-01-11,15625.0,13000.0,36667.0,42556.0,43444.0,115556.0,78333.0,34875.0,27125.0,16688.0,20125.0,19625.0,10000.0,12000.0,26000.0,35000.0,31857.0,10000.0
2025-01-12,15625.0,13000.0,36222.0,42556.0,43444.0,118333.0,77889.0,34750.0,26750.0,16688.0,19625.0,19250.0,10000.0,12000.0,26000.0,35000.0,32143.0,10000.0
2025-01-13,15688.0,13000.0,33667.0,42778.0,44444.0,117222.0,74111.0,34750.0,26750.0,16688.0,20125.0,19625.0,10000.0,11813.0,26000.0,35000.0,32714.0,10000.0
2025-01-14,16000.0,13000.0,38000.0,42000.0,55000.0,120000.0,85000.0,34333.0,28000.0,17250.0,21000.0,20000.0,10000.0,12000.0,25961.32,34020.64,40000.0,10000.0
2025-01-15,15625.0,13000.0,33667.0,41111.0,45000.0,118333.0,70000.0,35000.0,27000.0,16688.0,20250.0,19625.0,10000.0,11813.0,26000.0,33500.0,31857.0,10000.0
2025-01-16,15688.0,13000.0,33056.0,41667.0,45222.0,117778.0,69444.0,35125.0,26750.0,16688.0,20250.0,19625.0,10000.0,12000.0,26167.0,34333.0,32429.0,10000.0
2025-01-17,15625.0,13000.0,32667.0,42778.0,48778.0,118333.0,59444.0,35125.0,26750.0,16813.0,20250.0,19625.0,10000.0,11813.0,26000.0,33500.0,32143.0,10000.0
2025-01-18,15625.0,13000.0,32444.0,42222.0,48556.0,118333.0,57222.0,35125.0,26500.0,16813.0,20250.0,19625.0,9750.0,11813.0,26000.0,33500.0,32429.0,10000.0
2025-01-19,15625.0,13000.0,31778.0,41667.0,53556.0,116667.0,53889.0,35125.0,26250.0,16750.0,20250.0,19625.0,10000.0,11750.0,26000.0,33500.0,31857.0,10000.0
2025-01-20,16000.0,13000.0,34250.0,43000.0,52833.0,121750.0,64167.0,35250.0,27100.0,16400.0,21000.0,19400.0,10000.0,11800.0,22000.0,35000.0,34750.0,10000.0
2025-01-21,15625.0,13000.0,33778.0,41444.0,52111.0,118333.0,62333.0,34875.0,26250.0,16875.0,20375.0,19250.0,10000.0,11750.0,26000.0,33500.0,31857.0,10000.0
2025-01-22,15625.0,13000.0,31667.0,41111.0,48556.0,116667.0,60000.0,35125.0,26250.0,16875.0,20375.0,19688.0,10000.0,11875.0,26083.0,34000.0,32429.0,10063.0
2025-01-23,15625.0,13000.0,31667.0,41667.0,48333.0,118333.0,57889.0,35125.0,26125.0,16875.0,20313.0,19688.0,10063.0,11876.0,26000.0,33500.0,32429.0,10000.0
2025-01-24,15625.0,13000.0,31667.0,41667.0,48333.0,118333.0,57889.0,34750.0,26313.0,16750.0,20750.0,19938.0,10063.0,11813.0,24000.0,32500.0,32143.0,10000.0
2025-01-25,15625.0,13000.0,31000.0,41444.0,48778.0,117222.0,55667.0,34500.0,26125.0,16813.0,20938.0,19500.0,10063.0,11813.0,22500.0,32500.0,31857.0,10000.0
2025-01-26,15625.0,13000.0,31056.0,40889.0,47778.0,117778.0,55111.0,34563.0,26125.0,17063.0,20750.0,19750.0,10000.0,11813.0,22500.0,32500.0,32143.0,10000.0
2025-01-27,15671.892857142857,13056.428571428572,33467.82142857143,41719.78571428571,47833.32142857143,117423.60714285714,67743.5,34928.0,27154.928571428572,16826.142857142855,20436.678571428572,19751.857142857145,9849.178571428572,11839.571428571428,25961.320000000003,34020.64,33123.78571428571,10010.285714285714
2025-01-28,15688.0,13000.0,30667.0,41444.0,48333.0,116667.0,52222.0,34500.0,26125.0,16875.0,20813.0,19500.0,10063.0,11813.0,23000.0,32500.0,32143.0,10000.0
2025-01-29,15688.0,13063.0,29889.0,41000.0,48556.0,118333.0,49444.0,34688.0,26125.0,16938.0,20750.0,19875.0,10125.0,11625.0,22583.0,33417.0,32429.0,10000.0
2025-01-30,15688.0,13000.0,28944.0,41222.0,48778.0,117222.0,52222.0,34563.0,26125.0,17000.0,20750.0,19500.0,10000.0,11813.0,22583.0,33000.0,32143.0,10000.0
2025-01-31,15688.0,13000.0,26167.0,41444.0,52778.0,116111.0,53889.0,34500.0,26250.0,17000.0,20750.0,19500.0,10000.0,11563.0,22583.0,32500.0,31643.0,10625.0
2025-02-01,15688.0,13000.0,29444.0,42000.0,48889.0,118333.0,52444.0,34500.0,26125.0,17000.0,20750.0,19750.0,10000.0,11813.0,22583.0,32500.0,31857.0,10000.0
2025-02-02,15563.0,13000.0,30500.0,41222.0,50222.0,117222.0,51333.0,34563.0,26125.0,17000.0,20125.0,19625.0,9750.0,11813.0,22583.0,32500.0,31857.0,10000.0
2025-02-03,15500.0,13000.0,28056.0,40889.0,51222.0,117222.0,53333.0,34375.0,26250.0,17000.0,20250.0,19750.0,9750.0,11875.0,22583.0,33000.0,31929.0,10000.0
2025-02-04,15375.0,13000.0,26611.0,40889.0,51889.0,118333.0,53333.0,34625.0,26125.0,17000.0,20313.0,19750.0,9750.0,11938.0,22500.0,32500.0,31857.0,10000.0
2025-02-05,15375.0,13000.0,27167.0,40667.0,51667.0,116667.0,51111.0,34500.0,26000.0,17000.0,20250.0,19750.0,9750.0,11875.0,22583.0,32500.0,31857.0,10250.0
2025-02-06,15375.0,13000.0,26056.0,41722.0,51778.0,117222.0,51167.0,34500.0,26000.0,17000.0,20375.0,19750.0,9813.0,11875.0,22500.0,32583.0,31571.0,10000.0
2025-02-07,15375.0,13000.0,26611.0,41333.0,51111.0,117222.0,51667.0,34500.0,26000.0,17000.0,20313.0,19750.0,10000.0,11875.0,22500.0,32500.0,31571.0,10000.0
2025-02-08,15375.0,13000.0,25889.0,40889.0,47778.0,116722.0,51111.0,34500.0,26375.0,17000.0,20250.0,19625.0,9750.0,11813.0,22500.0,32500.0,31571.0,10000.0
2025-02-09,15375.0,13000.0,25222.0,40667.0,49778.0,117222.0,50556.0,34250.0,26375.0,17000.0,20188.0,19750.0,9750.0,11625.0,22500.0,32500.0,31571.0,10000.0
2025-02-10,15375.0,13000.0,25556.0,41889.0,47778.0,118333.0,50556.0,34250.0,26375.0,17125.0,20000.0,19813.0,9625.0,11563.0,22500.0,32500.0,31857.0,10000.0
2025-02-11,15375.0,13250.0,25556.0,41667.0,47778.0,117222.0,48889.0,34125.0,26375.0,17000.0,20188.0,19750.0,9625.0,11563.0,22583.0,32500.0,31571.0,10000.0
2025-02-12,15375.0,13000.0,25889.0,41333.0,47222.0,116111.0,48889.0,34667.0,26375.0,17000.0,20125.0,19750.0,9875.0,11563.0,22500.0,32500.0,31571.0,10000.0
2025-02-13,15375.0,13000.0,25889.0,41667.0,44444.0,117222.0,48333.0,34250.0,26375.0,17000.0,20125.0,19750.0,9625.0,11625.0,22500.0,32500.0,31571.0,10000.0
2025-02-14,15375.0,13000.0,26222.0,41556.0,43000.0,117222.0,46667.0,34375.0,26125.0,17000.0,20125.0,19750.0,9625.0,11563.0,22500.0,32500.0,31571.0,10000.0
2025-02-15,15375.0,13000.0,26500.0,41444.0,45000.0,116111.0,48889.0,34625.0,26375.0,17000.0,20188.0,19750.0,9625.0,11625.0,22583.0,32500.0,32143.0,10000.0
2025-02-16,15375.0,13000.0,26444.0,41333.0,47778.0,116111.0,46778.0,34625.0,26375.0,17000.0,20125.0,19500.0,9625.0,11563.0,22500.0,32500.0,32143.0,10000.0
2025-02-17,15375.0,13000.0,26222.0,40889.0,44222.0,117222.0,52222.0,34625.0,26375.0,17000.0,19875.0,19500.0,9625.0,11563.0,22500.0,32500.0,31571.0,10000.0
2025-02-18,15375.0,13000.0,26222.0,41333.0,44000.0,117222.0,52778.0,34500.0,26375.0,17000.0,19875.0,19500.0,9625.0,11625.0,22500.0,32500.0,31571.0,10000.0
2025-02-19,15375.0,13000.0,25889.0,42000.0,50000.0,117222.0,52500.0,34500.0,26500.0,17000.0,19875.0,19500.0,9875.0,11688.0,22500.0,32500.0,31571.0,10000.0
2025-02-20,15375.0,13000.0,25889.0,42222.0,48889.0,118333.0,56556.0,34500.0,26500.0,17000.0,19875.0,19500.0,9625.0,11688.0,22500.0,32500.0,31571.0,10000.0
2025-02-21,15375.0,13000.0,26389.0,42778.0,48000.0,117222.0,58222.0,34625.0,26500.0,17000.0,19938.0,19125.0,9625.0,11750.0,22583.0,32583.0,31571.0,10000.0
2025-02-22,15375.0,13000.0,26111.0,42222.0,48222.0,117222.0,58222.0,34625.0,26500.0,17250.0,19875.0,19500.0,9875.0,11750.0,22500.0,32583.0,31857.0,10000.0
2025-02-23,15375.0,13000.0,28333.0,40556.0,46000.0,118333.0,57333.0,35125.0,27125.0,17000.0,19750.0,19250.0,9625.0,11625.0,22500.0,32500.0,32000.0,10000.0
2025-02-24,15375.0,13000.0,32333.0,42222.0,46667.0,117222.0,81778.0,35125.0,27625.0,17000.0,19750.0,19250.0,9625.0,11563.0,22500.0,32500.0,31571.0,10000.0
2025-02-25,15000.0,13000.0,32833.0,43167.0,42000.0,113333.0,82333.0,35200.0,28000.0,17600.0,19000.0,19400.0,9400.0,11600.0,23000.0,30000.0,30500.0,10000.0
2025-02-26,15375.0,13000.0,33333.0,43889.0,45778.0,115556.0,83556.0,35125.0,28375.0,17750.0,19750.0,19250.0,9625.0,11750.0,22500.0,32500.0,33286.0,10000.0
2025-02-27,15375.0,13000.0,34111.0,43889.0,47000.0,116667.0,81889.0,35125.0,28625.0,17750.0,19938.0,19625.0,9625.0,11750.0,22500.0,32500.0,33714.0,10000.0
2025-02-28,15375.0,13000.0,32667.0,43889.0,45000.0,115556.0,78000.0,35125.0,28625.0,17750.0,20063.0,19625.0,9625.0,11750.0,22500.0,32500.0,33714.0,10000.0
2025-03-01,15375.0,13000.0,32778.0,44000.0,44889.0,115556.0,77222.0,35250.0,28625.0,17750.0,19938.0,19625.0,9625.0,11750.0,22583.0,32500.0,33714.0,10000.0
2025-03-02,15375.0,13000.0,34667.0,43222.0,56111.0,115556.0,93611.0,35125.0,28625.0,17750.0,20063.0,19625.0,9625.0,11750.0,23000.0,32583.0,33714.0,10000.0
2025-03-03,15375.0,13000.0,34722.0,43111.0,56111.0,115556.0,98556.0,35125.0,28625.0,17688.0,20188.0,19625.0,9625.0,11750.0,22583.0,32667.0,33714.0,10000.0
2025-03-04,15375.0,13000.0,34556.0,43222.0,47222.0,115556.0,88000.0,35250.0,28688.0,17625.0,18813.0,19625.0,9750.0,11750.0,22667.0,32500.0,33714.0,10000.0
2025-03-05,15167.0,13000.0,36429.0,42571.0,48571.0,115556.0,77000.0,34875.0,28667.0,17500.0,19417.0,19500.0,9667.0,11667.0,22750.0,31250.0,32000.0,10000.0
2025-03-06,15375.0,13000.0,36000.0,43111.0,47444.0,116111.0,73000.0,34875.0,28750.0,17625.0,19938.0,19625.0,9750.0,11750.0,23000.0,32583.0,33714.0,10000.0
2025-03-07,15375.0,13000.0,38889.0,43111.0,43333.0,115556.0,72222.0,35000.0,28625.0,17563.0,19938.0,19625.0,9750.0,11750.0,22833.0,32583.0,34000.0,10000.0
2025-03-08,15375.0,13000.0,39000.0,43444.0,39444.0,115556.0,72222.0,34875.0,28625.0,17563.0,20000.0,19625.0,9750.0,11750.0,24833.0,31500.0,33143.0,10000.0
2025-03-09,15375.0,13000.0,38313.0,44125.0,37444.0,116111.0,70000.0,34938.0,28750.0,17563.0,20250.0,19625.0,9938.0,11750.0,24833.0,31583.0,33214.0,10000.0
2025-03-10,15375.0,13000.0,38444.0,43222.0,38333.0,115556.0,69444.0,35000.0,28625.0,17563.0,20188.0,19625.0,9750.0,11750.0,25000.0,31750.0,33571.0,10000.0
2025-03-11,15375.0,13000.0,40333.0,43111.0,38333.0,118333.0,71111.0,34875.0,28625.0,17563.0,20250.0,19625.0,9938.0,11750.0,25000.0,31667.0,33571.0,10000.0
2025-03-12,15375.0,13000.0,41778.0,44222.0,43889.0,118333.0,75000.0,35000.0,28500.0,17563.0,20125.0,19625.0,9750.0,11813.0,24583.0,31750.0,33571.0,10000.0
2025-03-13,15375.0,13000.0,42444.0,43667.0,44444.0,116667.0,79222.0,35000.0,28750.0,17563.0,20250.0,19625.0,9750.0,11750.0,24833.0,31500.0,33571.0,10000.0
2025-03-14,15375.0,13000.0,42222.0,44389.0,43111.0,115556.0,80000.0,34625.0,28250.0,17563.0,20188.0,19625.0,9750.0,11500.0,24583.0,31583.0,33571.0,10000.0
2025-03-15,15375.0,13000.0,44444.0,43222.0,38444.0,120000.0,82778.0,34500.0,28250.0,17563.0,20188.0,19625.0,9750.0,11750.0,24667.0,31500.0,33571.0,10000.0
2025-03-16,15375.0,13000.0,44889.0,42889.0,38333.0,118889.0,82000.0,34375.0,28125.0,17500.0,20250.0,19625.0,9750.0,12125.0,24833.0,32000.0,33714.0,10000.0
2025-03-17,15375.0,13000.0,45000.0,43222.0,35444.0,120000.0,80000.0,34500.0,28125.0,17500.0,20438.0,19625.0,9750.0,11750.0,24833.0,31667.0,34071.0,10000.0
2025-03-18,15375.0,13000.0,44889.0,43222.0,38333.0,120000.0,80333.0,34375.0,27875.0,17500.0,20000.0,19625.0,9750.0,11750.0,24667.0,31583.0,34000.0,10000.0
2025-03-19,15375.0,13000.0,45000.0,43222.0,40222.0,118889.0,80556.0,34750.0,27750.0,17500.0,20188.0,19625.0,9750.0,11750.0,25000.0,31500.0,34000.0,10000.0
2025-03-20,15375.0,13000.0,44722.0,43222.0,41667.0,118889.0,82833.0,34750.0,27750.0,17500.0,20375.0,19625.0,9813.0,11875.0,25000.0,31667.0,34000.0,10000.0
2025-03-21,15375.0,13000.0,44556.0,43222.0,41111.0,120000.0,76111.0,34750.0,27750.0,17500.0,20625.0,19625.0,9750.0,11750.0,25000.0,31750.0,34000.0,10000.0
2025-03-22,15000.0,13000.0,42333.0,42167.0,40000.0,113333.0,74167.0,34625.0,26400.0,17200.0,19400.0,19400.0,9600.0,11600.0,27000.0,28000.0,31000.0,10000.0
2025-03-23,15375.0,13000.0,44111.0,43222.0,41889.0,118889.0,79000.0,34750.0,27375.0,17500.0,20563.0,19625.0,9750.0,11563.0,25000.0,31667.0,34000.0,10000.0
2025-03-24,15375.0,13000.0,44556.0,43222.0,39889.0,120000.0,77778.0,34750.0,27375.0,17500.0,20625.0,19625.0,9750.0,12000.0,24917.0,31500.0,34000.0,10000.0
2025-03-25,15375.0,13000.0,44444.0,43111.0,44000.0,120000.0,81444.0,34750.0,27375.0,17563.0,20750.0,19625.0,10000.0,11750.0,25000.0,31500.0,34000.0,10000.0
2025-03-26,15375.0,13000.0,44444.0,43333.0,44556.0,120000.0,82222.0,34625.0,27375.0,17500.0,20625.0,19625.0,9750.0,11750.0,24833.0,31500.0,34000.0,10000.0
2025-03-27,15375.0,13000.0,44556.0,43222.0,43000.0,118889.0,76111.0,34625.0,26250.0,17500.0,20625.0,19625.0,9500.0,11750.0,25000.0,31500.0,34000.0,10000.0
2025-03-28,15375.0,13000.0,43778.0,43111.0,43000.0,120000.0,75000.0,34375.0,25875.0,17500.0,20750.0,19625.0,9500.0,11875.0,25000.0,31500.0,34000.0,10000.0
2025-03-29,15341.965517241379,13000.0,41240.137931034486,43246.10344827586,42709.206896551725,117356.44827586207,81216.41379310345,34769.41379310345,27898.172413793105,17537.96551724138,20159.137931034482,19591.379310344826,9732.689655172413,11744.862068965518,24511.41379310345,31545.96551724138,33418.55172413793,10000.0
2025-03-30,15000.0,13000.0,43667.0,42000.0,40000.0,110000.0,148333.0,34000.0,24667.0,17333.0,19667.0,19000.0,9667.0,11333.0,27000.0,28000.0,28000.0,10000.0
2025-03-31,15341.96551724138,13000.0,41240.13793103448,43246.10344827586,42709.206896551725,117356.44827586207,81216.41379310345,34769.41379310345,27898.172413793105,17537.96551724138,20159.137931034482,19591.379310344826,9732.689655172413,11744.862068965516,24511.413793103446,31545.96551724138,33418.551724137935,10000.0
2025-04-01,15353.407407407407,13000.0,42979.40740740741,44234.7037037037,39825.25925925926,118971.25925925926,62191.25925925926,33462.96296296296,25360.444444444445,17427.48148148148,20623.48148148148,19532.40740740741,9743.851851851852,11724.555555555555,25089.40740740741,31496.85185185185,33415.07407407407,10000.0
2025-04-02,15353.407407407407,13000.0,42979.40740740741,44234.70370370371,39825.25925925926,118971.25925925926,62191.25925925926,33462.96296296296,25360.444444444445,17427.48148148148,20623.48148148148,19532.40740740741,9743.851851851852,11724.555555555557,25089.40740740741,31496.851851851854,33415.07407407407,10000.0
2025-04-03,15375.0,13000.0,43333.0,43667.0,41667.0,118889.0,64444.0,35125.0,25857.0,17500.0,20625.0,19625.0,9750.0,11750.0,25000.0,31500.0,34000.0,10000.0
2025-04-04,15375.0,13000.0,44111.0,43889.0,38556.0,120000.0,60000.0,31625.0,25625.0,17500.0,20750.0,19625.0,9750.0,11813.0,24833.0,31500.0,34000.0,10000.0
2025-04-05,15375.0,13000.0,44111.0,44333.0,38778.0,120000.0,67778.0,35125.0,25625.0,17500.0,20750.0,19625.0,9750.0,11750.0,25000.0,32500.0,34000.0,10000.0
2025-04-06,15375.0,13000.0,43222.0,43889.0,35778.0,120000.0,75556.0,35250.0,25625.0,17500.0,20750.0,19625.0,9750.0,11750.0,25000.0,32500.0,34000.0,10000.0
2025-04-07,15375.0,13000.0,44222.0,45889.0,41889.0,120000.0,73333.0,35000.0,25625.0,17500.0,20750.0,19625.0,9750.0,11750.0,25000.0,32500.0,34000.0,10000.0
2025-04-08,15375.0,13000.0,44444.0,45778.0,41667.0,120000.0,73333.0,35000.0,25625.0,17500.0,20750.0,19625.0,9750.0,11750.0,25000.0,31500.0,33571.0,10000.0
2025-04-09,15375.0,13000.0,45111.0,46667.0,38444.0,120000.0,75000.0,35125.0,25500.0,17500.0,20750.0,19625.0,9750.0,11750.0,25000.0,31500.0,33571.0,10000.0
2025-04-10,15375.0,13000.0,46444.0,46667.0,38556.0,118889.0,75222.0,35000.0,25500.0,17500.0,20750.0,19625.0,9750.0,11750.0,25000.0,31500.0,33643.0,10000.0
2025-04-11,15375.0,13000.0,46667.0,46667.0,38556.0,118889.0,73333.0,34875.0,25500.0,17500.0,20750.0,19625.0,9750.0,11750.0,25000.0,31500.0,33571.0,10000.0
2025-04-12,15375.0,13000.0,46667.0,46667.0,41222.0,120000.0,73333.0,33875.0,25500.0,17500.0,20750.0,19625.0,9750.0,11750.0,25000.0,31500.0,33571.0,10000.0
2025-04-13,15375.0,13000.0,45111.0,46000.0,36667.0,118889.0,69667.0,33625.0,25500.0,17500.0,20750.0,19625.0,9750.0,11750.0,25000.0,31500.0,33571.0,10000.0
2025-04-14,15375.0,13000.0,45000.0,45778.0,38333.0,118889.0,70000.0,33750.0,25375.0,17500.0,20750.0,19625.0,9750.0,11750.0,25000.0,31500.0,33571.0,10000.0
2025-04-15,15375.0,13000.0,44556.0,44778.0,41778.0,120000.0,70222.0,32875.0,25500.0,17375.0,20750.0,19625.0,9750.0,11750.0,25000.0,31500.0,33571.0,10000.0
2025-04-16,15375.0,13000.0,43889.0,44111.0,39667.0,118889.0,68000.0,32875.0,25375.0,17375.0,20750.0,19625.0,9750.0,11500.0,25000.0,31500.0,33571.0,10000.0
2025-04-17,15375.0,13000.0,42667.0,43889.0,41111.0,118889.0,66000.0,32750.0,25500.0,17375.0,19625.0,19625.0,9750.0,11750.0,24917.0,31583.0,33643.0,10000.0
2025-04-18,15375.0,13000.0,43667.0,43222.0,43889.0,118889.0,61667.0,32125.0,25125.0,17375.0,20750.0,19500.0,9750.0,11750.0,25000.0,31583.0,33571.0,10000.0
2025-04-19,15167.0,13000.0,45333.0,44667.0,44167.0,118889.0,52500.0,32125.0,24833.0,17167.0,19667.0,19333.0,9667.0,11667.0,25083.0,31500.0,33571.0,10000.0
2025-04-20,15375.0,13000.0,45222.0,43667.0,43000.0,118889.0,59000.0,33000.0,25125.0,17375.0,20750.0,19500.0,9750.0,11750.0,25083.0,31500.0,33571.0,10000.0
2025-04-21,15375.0,13000.0,45222.0,43222.0,42778.0,118889.0,59444.0,33750.0,25125.0,17375.0,20750.0,19500.0,9750.0,11750.0,25083.0,31500.0,33571.0,10000.0
2025-04-22,15375.0,13000.0,43667.0,44778.0,47778.0,118889.0,57444.0,33625.0,25125.0,17375.0,20750.0,19500.0,9750.0,11750.0,25000.0,31500.0,33571.0,10000.0
2025-04-23,15375.0,13000.0,42778.0,43333.0,40556.0,118889.0,59444.0,33625.0,25125.0,17375.0,20750.0,19500.0,9750.0,11750.0,25083.0,31500.0,33571.0,10000.0
2025-04-24,15375.0,13000.0,40556.0,44111.0,41667.0,118889.0,55000.0,32625.0,25125.0,17375.0,20750.0,19500.0,9750.0,11750.0,25083.0,31583.0,33571.0,10000.0
2025-04-25,15375.0,13000.0,39222.0,42667.0,41111.0,120000.0,51333.0,32625.0,25125.0,17375.0,20750.0,19500.0,9750.0,11750.0,25000.0,31500.0,33571.0,10000.0
2025-04-26,15375.0,13000.0,38333.0,42667.0,39444.0,118889.0,46667.0,32625.0,25125.0,17500.0,20750.0,19500.0,9750.0,11750.0,25083.0,31500.0,33571.0,10000.0
2025-04-27,15375.0,13000.0,39000.0,42667.0,39667.0,120000.0,46667.0,32625.0,25500.0,17500.0,20750.0,19500.0,9750.0,11750.0,25083.0,31583.0,33643.0,10000.0
2025-04-28,15375.0,13000.0,37222.0,42667.0,38556.0,118889.0,46444.0,32875.0,25500.0,17625.0,20750.0,19500.0,9750.0,11750.0,25083.0,31583.0,33571.0,10000.0
2025-04-29,15000.0,13000.0,30667.0,38000.0,20000.0,110000.0,28333.0,30000.0,24667.0,17000.0,19667.0,18667.0,9667.0,11333.0,27000.0,28000.0,27000.0,10000.0
